# multipole L, noise N_L on lensing convergence power spectrum C_L^kappakappa = [L*(L+1)]^2 * C_L^phiphi / 4
0.000000000000000000e+00 0.000000000000000000e+00
1.000000000000000000e+00 0.000000000000000000e+00
2.000000000000000000e+00 6.741662599318530627e-09
3.000000000000000000e+00 6.522757500090267276e-09
4.000000000000000000e+00 6.501316839185818561e-09
5.000000000000000000e+00 6.524635298408019021e-09
6.000000000000000000e+00 6.556339459455984610e-09
7.000000000000000000e+00 6.588491485537638200e-09
8.000000000000000000e+00 6.618207642266677819e-09
9.000000000000000000e+00 6.645190012795348650e-09
1.000000000000000000e+01 6.669450398700834766e-09
1.100000000000000000e+01 6.691361121703805084e-09
1.200000000000000000e+01 6.711215681717662152e-09
1.300000000000000000e+01 6.729350539874366627e-09
1.400000000000000000e+01 6.746017672212181222e-09
1.500000000000000000e+01 6.761459958474887570e-09
1.600000000000000000e+01 6.775861888874981170e-09
1.700000000000000000e+01 6.789393380186887009e-09
1.800000000000000000e+01 6.802186150185990808e-09
1.900000000000000000e+01 6.814360031018905320e-09
2.000000000000000000e+01 6.826009668378139181e-09
2.100000000000000000e+01 6.837221150121037664e-09
2.200000000000000000e+01 6.848063544385332013e-09
2.300000000000000000e+01 6.858600000040580937e-09
2.400000000000000000e+01 6.868881813478654673e-09
2.500000000000000000e+01 6.878956271879306917e-09
2.600000000000000000e+01 6.888862132542051658e-09
2.700000000000000000e+01 6.898635505419600400e-09
2.800000000000000000e+01 6.908306140719637073e-09
2.900000000000000000e+01 6.917902124678761225e-09
3.000000000000000000e+01 6.927446618604926331e-09
3.100000000000000000e+01 6.936961847698550034e-09
3.200000000000000000e+01 6.946466069118947564e-09
3.300000000000000000e+01 6.955977156127922437e-09
3.400000000000000000e+01 6.965509655707297413e-09
3.500000000000000000e+01 6.975078157853682558e-09
3.600000000000000000e+01 6.984694361601506229e-09
3.700000000000000000e+01 6.994370340243532288e-09
3.800000000000000000e+01 7.004115579953023753e-09
3.900000000000000000e+01 7.013940192351812720e-09
4.000000000000000000e+01 7.023851928497192338e-09
4.100000000000000000e+01 7.033859342484876516e-09
4.200000000000000000e+01 7.043968817751285250e-09
4.300000000000000000e+01 7.054187645521120655e-09
4.400000000000000000e+01 7.064521130953490048e-09
4.500000000000000000e+01 7.074975516680717559e-09
4.600000000000000000e+01 7.085555262572966040e-09
4.700000000000000000e+01 7.096265717805687843e-09
4.800000000000000000e+01 7.107110688210806939e-09
4.900000000000000000e+01 7.118094742091862216e-09
5.000000000000000000e+01 7.129221189689081050e-09
5.100000000000000000e+01 7.140493902565395640e-09
5.200000000000000000e+01 7.151915825590293625e-09
5.300000000000000000e+01 7.163490203553932806e-09
5.400000000000000000e+01 7.175219717305626200e-09
5.500000000000000000e+01 7.187107057338823633e-09
5.600000000000000000e+01 7.199154705288350273e-09
5.700000000000000000e+01 7.211364899338591050e-09
5.800000000000000000e+01 7.223739928436750253e-09
5.900000000000000000e+01 7.236281774031198936e-09
6.000000000000000000e+01 7.248992398034671129e-09
6.100000000000000000e+01 7.261874202414878900e-09
6.200000000000000000e+01 7.274928397435742716e-09
6.300000000000000000e+01 7.288157081494178120e-09
6.400000000000000000e+01 7.301561276468431037e-09
6.500000000000000000e+01 7.315142878202154412e-09
6.600000000000000000e+01 7.328902742108128932e-09
6.700000000000000000e+01 7.342842583418931615e-09
6.800000000000000000e+01 7.356963109329421010e-09
6.900000000000000000e+01 7.371265872816588377e-09
7.000000000000000000e+01 7.385751447932667309e-09
7.100000000000000000e+01 7.400421240990703996e-09
7.200000000000000000e+01 7.415275705891683179e-09
7.300000000000000000e+01 7.430316115689289400e-09
7.400000000000000000e+01 7.445542815111721230e-09
7.500000000000000000e+01 7.460956955330411538e-09
7.600000000000000000e+01 7.476558781133985233e-09
7.700000000000000000e+01 7.492349331549802489e-09
7.800000000000000000e+01 7.508328759354671448e-09
7.900000000000000000e+01 7.524497999909281451e-09
8.000000000000000000e+01 7.540857120868614033e-09
8.100000000000000000e+01 7.557406961371484445e-09
8.200000000000000000e+01 7.574140089838104887e-09
8.300000000000000000e+01 7.591079516022571656e-09
8.400000000000000000e+01 7.608198938194034026e-09
8.500000000000000000e+01 7.625518309877555832e-09
8.600000000000000000e+01 7.643021184611927125e-09
8.700000000000000000e+01 7.660725375669405473e-09
8.800000000000000000e+01 7.678613598343850129e-09
8.900000000000000000e+01 7.696702167106956543e-09
9.000000000000000000e+01 7.714975881096190519e-09
9.100000000000000000e+01 7.733449587487776421e-09
9.200000000000000000e+01 7.752109110840109847e-09
9.300000000000000000e+01 7.770968017292773479e-09
9.400000000000000000e+01 7.790013293225215301e-09
9.500000000000000000e+01 7.809257339915893223e-09
9.600000000000000000e+01 7.828688112932651235e-09
9.700000000000000000e+01 7.848316965151365851e-09
9.800000000000000000e+01 7.868132743363230350e-09
9.900000000000000000e+01 7.888145850697493810e-09
1.000000000000000000e+02 7.908345929568646154e-09
1.010000000000000000e+02 7.928742521975935669e-09
1.020000000000000000e+02 7.949325989207035314e-09
1.030000000000000000e+02 7.970105090433274042e-09
1.040000000000000000e+02 7.991070835462105990e-09
1.050000000000000000e+02 8.012231270351787322e-09
1.060000000000000000e+02 8.033577991444301008e-09
1.070000000000000000e+02 8.055118393679004741e-09
1.080000000000000000e+02 8.076844604134189367e-09
1.090000000000000000e+02 8.098763420592591151e-09
1.100000000000000000e+02 8.120867450725412905e-09
1.110000000000000000e+02 8.143162949551825625e-09
1.120000000000000000e+02 8.165642962826801538e-09
1.130000000000000000e+02 8.188313228321093371e-09
1.140000000000000000e+02 8.211167183244394825e-09
1.150000000000000000e+02 8.234210164692477465e-09
1.160000000000000000e+02 8.257435993588836512e-09
1.170000000000000000e+02 8.280849336637587692e-09
1.180000000000000000e+02 8.304444255584570554e-09
1.190000000000000000e+02 8.328226001879148654e-09
1.200000000000000000e+02 8.352189290385036263e-09
1.210000000000000000e+02 8.376335106861115079e-09
1.220000000000000000e+02 8.400656296466026220e-09
1.230000000000000000e+02 8.425165150299659285e-09
1.240000000000000000e+02 8.449860209007205754e-09
1.250000000000000000e+02 8.474725796002371820e-09
1.260000000000000000e+02 8.499772762613112560e-09
1.270000000000000000e+02 8.525002024636543097e-09
1.280000000000000000e+02 8.550401340088612899e-09
1.290000000000000000e+02 8.575980470619670173e-09
1.300000000000000000e+02 8.601739447094556579e-09
1.310000000000000000e+02 8.627666394440144325e-09
1.320000000000000000e+02 8.653770094894451442e-09
1.330000000000000000e+02 8.680050578688346862e-09
1.340000000000000000e+02 8.706497008928934893e-09
1.350000000000000000e+02 8.733117340506107014e-09
1.360000000000000000e+02 8.759911462828179408e-09
1.370000000000000000e+02 8.786869325520828965e-09
1.380000000000000000e+02 8.813998068617395987e-09
1.390000000000000000e+02 8.841297397816908299e-09
1.400000000000000000e+02 8.868757928585109186e-09
1.410000000000000000e+02 8.896386137842217373e-09
1.420000000000000000e+02 8.924181674791044877e-09
1.430000000000000000e+02 8.952135831777264856e-09
1.440000000000000000e+02 8.980254408217723444e-09
1.450000000000000000e+02 9.008536870541171243e-09
1.460000000000000000e+02 9.036975016930501592e-09
1.470000000000000000e+02 9.065574106485145445e-09
1.480000000000000000e+02 9.094333570080609936e-09
1.490000000000000000e+02 9.123245758356497628e-09
1.500000000000000000e+02 9.152315355345254618e-09
1.510000000000000000e+02 9.181541614852850334e-09
1.520000000000000000e+02 9.210917276507421103e-09
1.530000000000000000e+02 9.240446593154821137e-09
1.540000000000000000e+02 9.270128814354966123e-09
1.550000000000000000e+02 9.299957137487215020e-09
1.560000000000000000e+02 9.329935264549026551e-09
1.570000000000000000e+02 9.360062194656695224e-09
1.580000000000000000e+02 9.390331398644472463e-09
1.590000000000000000e+02 9.420746459463401020e-09
1.600000000000000000e+02 9.451306710156485753e-09
1.610000000000000000e+02 9.482006101474784050e-09
1.620000000000000000e+02 9.512846773038813591e-09
1.630000000000000000e+02 9.543826483986931711e-09
1.640000000000000000e+02 9.574938828089286800e-09
1.650000000000000000e+02 9.606188969103464902e-09
1.660000000000000000e+02 9.637579346248786304e-09
1.670000000000000000e+02 9.669104192292693908e-09
1.680000000000000000e+02 9.700754410915273307e-09
1.690000000000000000e+02 9.732534456564214036e-09
1.700000000000000000e+02 9.764447137491211042e-09
1.710000000000000000e+02 9.796487865532069299e-09
1.720000000000000000e+02 9.828648910619930793e-09
1.730000000000000000e+02 9.860934118601636219e-09
1.740000000000000000e+02 9.893345590251217196e-09
1.750000000000000000e+02 9.925878641873083697e-09
1.760000000000000000e+02 9.958525765659088407e-09
1.770000000000000000e+02 9.991290269408051668e-09
1.780000000000000000e+02 1.002417391408955115e-08
1.790000000000000000e+02 1.005717225365702485e-08
1.800000000000000000e+02 1.009027825444077359e-08
1.810000000000000000e+02 1.012349472413203940e-08
1.820000000000000000e+02 1.015682301834548729e-08
1.830000000000000000e+02 1.019025879329989365e-08
1.840000000000000000e+02 1.022379534098321471e-08
1.850000000000000000e+02 1.025743500572307918e-08
1.860000000000000000e+02 1.029117878940195360e-08
1.870000000000000000e+02 1.032502245200835435e-08
1.880000000000000000e+02 1.035895958642715961e-08
1.890000000000000000e+02 1.039299211253600155e-08
1.900000000000000000e+02 1.042712070287615671e-08
1.910000000000000000e+02 1.046134119946709029e-08
1.920000000000000000e+02 1.049564744736047437e-08
1.930000000000000000e+02 1.053004093957694490e-08
1.940000000000000000e+02 1.056452199909366694e-08
1.950000000000000000e+02 1.059908648581265533e-08
1.960000000000000000e+02 1.063372844517611900e-08
1.970000000000000000e+02 1.066844909328375254e-08
1.980000000000000000e+02 1.070324859179124799e-08
1.990000000000000000e+02 1.073812298480058381e-08
2.000000000000000000e+02 1.077306654343421960e-08
2.010000000000000000e+02 1.080807972264955893e-08
2.020000000000000000e+02 1.084316184434177295e-08
2.030000000000000000e+02 1.087830837124224105e-08
2.040000000000000000e+02 1.091351347860873027e-08
2.050000000000000000e+02 1.094877867336719293e-08
2.060000000000000000e+02 1.098410492794088522e-08
2.070000000000000000e+02 1.101948978070225009e-08
2.080000000000000000e+02 1.105492712871636772e-08
2.090000000000000000e+02 1.109040993018304169e-08
2.100000000000000000e+02 1.112593917993488332e-08
2.110000000000000000e+02 1.116151574860715981e-08
2.120000000000000000e+02 1.119713739823806069e-08
2.130000000000000000e+02 1.123279859865807554e-08
2.140000000000000000e+02 1.126849290909466092e-08
2.150000000000000000e+02 1.130422088067639496e-08
2.160000000000000000e+02 1.133998284430025868e-08
2.170000000000000000e+02 1.137577627481945277e-08
2.180000000000000000e+02 1.141159562663368049e-08
2.190000000000000000e+02 1.144743454068346170e-08
2.200000000000000000e+02 1.148329314671641653e-08
2.210000000000000000e+02 1.151917138758995534e-08
2.220000000000000000e+02 1.155506658539556840e-08
2.230000000000000000e+02 1.159097329412656845e-08
2.240000000000000000e+02 1.162688532577303245e-08
2.250000000000000000e+02 1.166280243893344076e-08
2.260000000000000000e+02 1.169872421159810865e-08
2.270000000000000000e+02 1.173464781143690099e-08
2.280000000000000000e+02 1.177056786346128454e-08
2.290000000000000000e+02 1.180647831012674731e-08
2.300000000000000000e+02 1.184237853949074989e-08
2.310000000000000000e+02 1.187826775990710319e-08
2.320000000000000000e+02 1.191414295652532353e-08
2.330000000000000000e+02 1.194999877199294072e-08
2.340000000000000000e+02 1.198582924094343597e-08
2.350000000000000000e+02 1.202163348945381348e-08
2.360000000000000000e+02 1.205741049591767031e-08
2.370000000000000000e+02 1.209315719203688442e-08
2.380000000000000000e+02 1.212886835530072474e-08
2.390000000000000000e+02 1.216453815584881636e-08
2.400000000000000000e+02 1.220016523691612588e-08
2.410000000000000000e+02 1.223574802965226958e-08
2.420000000000000000e+02 1.227128305545598363e-08
2.430000000000000000e+02 1.230676482811044115e-08
2.440000000000000000e+02 1.234218748513594240e-08
2.450000000000000000e+02 1.237755010711987167e-08
2.460000000000000000e+02 1.241285182877101339e-08
2.470000000000000000e+02 1.244809007877505565e-08
2.480000000000000000e+02 1.248326049307104914e-08
2.490000000000000000e+02 1.251835682633614650e-08
2.500000000000000000e+02 1.255337262860454215e-08
2.510000000000000000e+02 1.258830668127030833e-08
2.520000000000000000e+02 1.262315800853860067e-08
2.530000000000000000e+02 1.265792409092489782e-08
2.540000000000000000e+02 1.269260078839754290e-08
2.550000000000000000e+02 1.272718226197855112e-08
2.560000000000000000e+02 1.276166246104101937e-08
2.570000000000000000e+02 1.279603994024251750e-08
2.580000000000000000e+02 1.283031342649755836e-08
2.590000000000000000e+02 1.286448023267704992e-08
2.600000000000000000e+02 1.289853618889822333e-08
2.610000000000000000e+02 1.293247557241743318e-08
2.620000000000000000e+02 1.296629248974029758e-08
2.630000000000000000e+02 1.299998534251579562e-08
2.640000000000000000e+02 1.303355271151785059e-08
2.650000000000000000e+02 1.306699188668426773e-08
2.660000000000000000e+02 1.310029880575634406e-08
2.670000000000000000e+02 1.313346799165928096e-08
2.680000000000000000e+02 1.316649381908908074e-08
2.690000000000000000e+02 1.319937460009842282e-08
2.700000000000000000e+02 1.323210881175948967e-08
2.710000000000000000e+02 1.326469375101580011e-08
2.720000000000000000e+02 1.329712547968074685e-08
2.730000000000000000e+02 1.332939876829517911e-08
2.740000000000000000e+02 1.336150827294224675e-08
2.750000000000000000e+02 1.339345232303846383e-08
2.760000000000000000e+02 1.342522941911245616e-08
2.770000000000000000e+02 1.345683698615972184e-08
2.780000000000000000e+02 1.348827132436073394e-08
2.790000000000000000e+02 1.351952755891568226e-08
2.800000000000000000e+02 1.355060069841116982e-08
2.810000000000000000e+02 1.358148903884492900e-08
2.820000000000000000e+02 1.361219100909723417e-08
2.830000000000000000e+02 1.364270404908573143e-08
2.840000000000000000e+02 1.367302456526950244e-08
2.850000000000000000e+02 1.370314788538893595e-08
2.860000000000000000e+02 1.373306934419580042e-08
2.870000000000000000e+02 1.376278775934305455e-08
2.880000000000000000e+02 1.379230221480735260e-08
2.890000000000000000e+02 1.382161092181401635e-08
2.900000000000000000e+02 1.385071117961000287e-08
2.910000000000000000e+02 1.387959933547494473e-08
2.920000000000000000e+02 1.390827074417780057e-08
2.930000000000000000e+02 1.393672086352562444e-08
2.940000000000000000e+02 1.396494874812451588e-08
2.950000000000000000e+02 1.399295381775042257e-08
2.960000000000000000e+02 1.402073471703749872e-08
2.970000000000000000e+02 1.404828928099035128e-08
2.980000000000000000e+02 1.407561449978770507e-08
2.990000000000000000e+02 1.410270648310819074e-08
3.000000000000000000e+02 1.412956143528361629e-08
3.010000000000000000e+02 1.415617876142357874e-08
3.020000000000000000e+02 1.418255818807480028e-08
3.030000000000000000e+02 1.420869874817958472e-08
3.040000000000000000e+02 1.423459875045727212e-08
3.050000000000000000e+02 1.426025574824833051e-08
3.060000000000000000e+02 1.428566650782305162e-08
3.070000000000000000e+02 1.431082790495628719e-08
3.080000000000000000e+02 1.433573977566850534e-08
3.090000000000000000e+02 1.436040226968661822e-08
3.100000000000000000e+02 1.438481491887268319e-08
3.110000000000000000e+02 1.440897661004685234e-08
3.120000000000000000e+02 1.443288555735251566e-08
3.130000000000000000e+02 1.445653927415480172e-08
3.140000000000000000e+02 1.447993539503006450e-08
3.150000000000000000e+02 1.450307428537153728e-08
3.160000000000000000e+02 1.452595661514319703e-08
3.170000000000000000e+02 1.454858250601171646e-08
3.180000000000000000e+02 1.457095150719425416e-08
3.190000000000000000e+02 1.459306257091643767e-08
3.200000000000000000e+02 1.461491402745283204e-08
3.210000000000000000e+02 1.463650431786883313e-08
3.220000000000000000e+02 1.465783431839908731e-08
3.230000000000000000e+02 1.467890517494964067e-08
3.240000000000000000e+02 1.469971754239755611e-08
3.250000000000000000e+02 1.472027156295407538e-08
3.260000000000000000e+02 1.474056684417187848e-08
3.270000000000000000e+02 1.476060243658424596e-08
3.280000000000000000e+02 1.478037756022837390e-08
3.290000000000000000e+02 1.479989390256823477e-08
3.300000000000000000e+02 1.481915347791422422e-08
3.310000000000000000e+02 1.483815787751410020e-08
3.320000000000000000e+02 1.485690825047946200e-08
3.330000000000000000e+02 1.487540528438478153e-08
3.340000000000000000e+02 1.489364918557675100e-08
3.350000000000000000e+02 1.491163965914538485e-08
3.360000000000000000e+02 1.492937661877633335e-08
3.370000000000000000e+02 1.494686242642723663e-08
3.380000000000000000e+02 1.496409980491024626e-08
3.390000000000000000e+02 1.498109110829981234e-08
3.400000000000000000e+02 1.499783830503817788e-08
3.410000000000000000e+02 1.501434296078531745e-08
3.420000000000000000e+02 1.503060622098295256e-08
3.430000000000000000e+02 1.504662879313416911e-08
3.440000000000000000e+02 1.506241156163996727e-08
3.450000000000000000e+02 1.507795752699176277e-08
3.460000000000000000e+02 1.509326999384040777e-08
3.470000000000000000e+02 1.510835193779999674e-08
3.480000000000000000e+02 1.512320599025689961e-08
3.490000000000000000e+02 1.513783442293499178e-08
3.500000000000000000e+02 1.515223913221361001e-08
3.510000000000000000e+02 1.516642162321598890e-08
3.520000000000000000e+02 1.518038356168660947e-08
3.530000000000000000e+02 1.519412851356033892e-08
3.540000000000000000e+02 1.520766031622782001e-08
3.550000000000000000e+02 1.522098250966735957e-08
3.560000000000000000e+02 1.523409832264599746e-08
3.570000000000000000e+02 1.524701065869875877e-08
3.580000000000000000e+02 1.525972208189273656e-08
3.590000000000000000e+02 1.527223480238078605e-08
3.600000000000000000e+02 1.528455115499077031e-08
3.610000000000000000e+02 1.529667510811184454e-08
3.620000000000000000e+02 1.530861084694800877e-08
3.630000000000000000e+02 1.532036227852939120e-08
3.640000000000000000e+02 1.533193301893805832e-08
3.650000000000000000e+02 1.534332638034456601e-08
3.660000000000000000e+02 1.535454535783962809e-08
3.670000000000000000e+02 1.536559261607852094e-08
3.680000000000000000e+02 1.537647094659645478e-08
3.690000000000000000e+02 1.538718470775212996e-08
3.700000000000000000e+02 1.539773847110175146e-08
3.710000000000000000e+02 1.540813654902291548e-08
3.720000000000000000e+02 1.541838298290042889e-08
3.730000000000000000e+02 1.542848153112632722e-08
3.740000000000000000e+02 1.543843565694581218e-08
3.750000000000000000e+02 1.544824851608693433e-08
3.760000000000000000e+02 1.545792294424740182e-08
3.770000000000000000e+02 1.546746189617060917e-08
3.780000000000000000e+02 1.547686982656785186e-08
3.790000000000000000e+02 1.548615138999482941e-08
3.800000000000000000e+02 1.549531098760844134e-08
3.810000000000000000e+02 1.550435275605645119e-08
3.820000000000000000e+02 1.551328055619176843e-08
3.830000000000000000e+02 1.552209796165158231e-08
3.840000000000000000e+02 1.553080824723179491e-08
3.850000000000000000e+02 1.553941437715005288e-08
3.860000000000000000e+02 1.554791939827010273e-08
3.870000000000000000e+02 1.555632767725808589e-08
3.880000000000000000e+02 1.556464373256620460e-08
3.890000000000000000e+02 1.557287182712863099e-08
3.900000000000000000e+02 1.558101595773951538e-08
3.910000000000000000e+02 1.558907984430776784e-08
3.920000000000000000e+02 1.559706691894518933e-08
3.930000000000000000e+02 1.560498031491089515e-08
3.940000000000000000e+02 1.561282285539676076e-08
3.950000000000000000e+02 1.562059742266972387e-08
3.960000000000000000e+02 1.562830811890706909e-08
3.970000000000000000e+02 1.563595916794705112e-08
3.980000000000000000e+02 1.564355453238220482e-08
3.990000000000000000e+02 1.565109790335441799e-08
4.000000000000000000e+02 1.565859269023881117e-08
4.010000000000000000e+02 1.566604201016340898e-08
4.020000000000000000e+02 1.567344867740383099e-08
4.030000000000000000e+02 1.568081519263224330e-08
4.040000000000000000e+02 1.568814413365761106e-08
4.050000000000000000e+02 1.569543938118338843e-08
4.060000000000000000e+02 1.570270495933792230e-08
4.070000000000000000e+02 1.570994463239496889e-08
4.080000000000000000e+02 1.571716189509871470e-08
4.090000000000000000e+02 1.572435996288472487e-08
4.100000000000000000e+02 1.573154176195466255e-08
4.110000000000000000e+02 1.573870991923539496e-08
4.120000000000000000e+02 1.574586675219023915e-08
4.130000000000000000e+02 1.575301425853211085e-08
4.140000000000000000e+02 1.576015453826260718e-08
4.150000000000000000e+02 1.576729111412480047e-08
4.160000000000000000e+02 1.577442768285590278e-08
4.170000000000000000e+02 1.578156768199024466e-08
4.180000000000000000e+02 1.578871428073118817e-08
4.190000000000000000e+02 1.579587037072305363e-08
4.200000000000000000e+02 1.580303855669264969e-08
4.210000000000000000e+02 1.581022114698714101e-08
4.220000000000000000e+02 1.581742014398306114e-08
4.230000000000000000e+02 1.582463723438788123e-08
4.240000000000000000e+02 1.583187421127795453e-08
4.250000000000000000e+02 1.583913429245309713e-08
4.260000000000000000e+02 1.584642087270793198e-08
4.270000000000000000e+02 1.585373709159137634e-08
4.280000000000000000e+02 1.586108582486954885e-08
4.290000000000000000e+02 1.586846967585458738e-08
4.300000000000000000e+02 1.587589096666766635e-08
4.310000000000000000e+02 1.588335172935520259e-08
4.320000000000000000e+02 1.589085369692101986e-08
4.330000000000000000e+02 1.589839829425413287e-08
4.340000000000000000e+02 1.590598705468270283e-08
4.350000000000000000e+02 1.591362291943522722e-08
4.360000000000000000e+02 1.592130900673806437e-08
4.370000000000000000e+02 1.592904818598638455e-08
4.380000000000000000e+02 1.593684306974391726e-08
4.390000000000000000e+02 1.594469600570718943e-08
4.400000000000000000e+02 1.595260906851677146e-08
4.410000000000000000e+02 1.596058405150822525e-08
4.420000000000000000e+02 1.596862245836038907e-08
4.430000000000000000e+02 1.597672549463108985e-08
4.440000000000000000e+02 1.598489449852515846e-08
4.450000000000000000e+02 1.599313228192467143e-08
4.460000000000000000e+02 1.600144185995473639e-08
4.470000000000000000e+02 1.600982601228612676e-08
4.480000000000000000e+02 1.601828727582021252e-08
4.490000000000000000e+02 1.602682793728539598e-08
4.500000000000000000e+02 1.603545002575091879e-08
4.510000000000000000e+02 1.604415530505453624e-08
4.520000000000000000e+02 1.605294526614054514e-08
4.530000000000000000e+02 1.606182111930429715e-08
4.540000000000000000e+02 1.607078378637196384e-08
4.550000000000000000e+02 1.607983433582033927e-08
4.560000000000000000e+02 1.608897533515845141e-08
4.570000000000000000e+02 1.609820956901360607e-08
4.580000000000000000e+02 1.610753959717364282e-08
4.590000000000000000e+02 1.611696774786410068e-08
4.600000000000000000e+02 1.612649611096575397e-08
4.610000000000000000e+02 1.613612653114924487e-08
4.620000000000000000e+02 1.614586060093968348e-08
4.630000000000000000e+02 1.615569965367408838e-08
4.640000000000000000e+02 1.616564475644177726e-08
4.650000000000000000e+02 1.617569670287311887e-08
4.660000000000000000e+02 1.618585641514782176e-08
4.670000000000000000e+02 1.619612619250193740e-08
4.680000000000000000e+02 1.620650852603426699e-08
4.690000000000000000e+02 1.621700569030801978e-08
4.700000000000000000e+02 1.622761973718084639e-08
4.710000000000000000e+02 1.623835248952536335e-08
4.720000000000000000e+02 1.624920553491952198e-08
4.730000000000000000e+02 1.626018021924404185e-08
4.740000000000000000e+02 1.627127764021438114e-08
4.750000000000000000e+02 1.628249864084689658e-08
4.760000000000000000e+02 1.629384380287338394e-08
4.770000000000000000e+02 1.630531381893836649e-08
4.780000000000000000e+02 1.631691064804677372e-08
4.790000000000000000e+02 1.632863641716367353e-08
4.800000000000000000e+02 1.634049304294254323e-08
4.810000000000000000e+02 1.635248222599508841e-08
4.820000000000000000e+02 1.636460544508560956e-08
4.830000000000000000e+02 1.637686395127474205e-08
4.840000000000000000e+02 1.638925876199434153e-08
4.850000000000000000e+02 1.640179065506407300e-08
4.860000000000000000e+02 1.641446016264584543e-08
4.870000000000000000e+02 1.642726756512839279e-08
4.880000000000000000e+02 1.644021325855054907e-08
4.890000000000000000e+02 1.645329889366108615e-08
4.900000000000000000e+02 1.646652629234483124e-08
4.910000000000000000e+02 1.647989707487964112e-08
4.920000000000000000e+02 1.649341265466140184e-08
4.930000000000000000e+02 1.650707423287831905e-08
4.940000000000000000e+02 1.652088279310747638e-08
4.950000000000000000e+02 1.653483909588676052e-08
4.960000000000000000e+02 1.654894367320864739e-08
4.970000000000000000e+02 1.656319682295823645e-08
4.980000000000000000e+02 1.657759860331097474e-08
4.990000000000000000e+02 1.659214882707455623e-08
5.000000000000000000e+02 1.660684742804193437e-08
5.010000000000000000e+02 1.662169559539358052e-08
5.020000000000000000e+02 1.663669469379620394e-08
5.030000000000000000e+02 1.665184589240785311e-08
5.040000000000000000e+02 1.666715015999824821e-08
5.050000000000000000e+02 1.668260826005603430e-08
5.060000000000000000e+02 1.669822074581945078e-08
5.070000000000000000e+02 1.671398795526168788e-08
5.080000000000000000e+02 1.672991000603902002e-08
5.090000000000000000e+02 1.674598679037742014e-08
5.100000000000000000e+02 1.676221796992978922e-08
5.110000000000000000e+02 1.677860297053439067e-08
5.120000000000000000e+02 1.679514131887208884e-08
5.130000000000000000e+02 1.681183368419890165e-08
5.140000000000000000e+02 1.682868088523459168e-08
5.150000000000000000e+02 1.684568354911719147e-08
5.160000000000000000e+02 1.686284210689834665e-08
5.170000000000000000e+02 1.688015678897825836e-08
5.180000000000000000e+02 1.689762762052603087e-08
5.190000000000000000e+02 1.691525441683098600e-08
5.200000000000000000e+02 1.693303677861383948e-08
5.210000000000000000e+02 1.695097408730624587e-08
5.220000000000000000e+02 1.696906550027747342e-08
5.230000000000000000e+02 1.698730994600773243e-08
5.240000000000000000e+02 1.700570646374198471e-08
5.250000000000000000e+02 1.702425525318400040e-08
5.260000000000000000e+02 1.704295667332822313e-08
5.270000000000000000e+02 1.706181089904891613e-08
5.280000000000000000e+02 1.708081791700285870e-08
5.290000000000000000e+02 1.709997752146314523e-08
5.300000000000000000e+02 1.711928931008757729e-08
5.310000000000000000e+02 1.713875267969625404e-08
5.320000000000000000e+02 1.715836682197033560e-08
5.330000000000000000e+02 1.717813071914691541e-08
5.340000000000000000e+02 1.719804313964333070e-08
5.350000000000000000e+02 1.721810263365512569e-08
5.360000000000000000e+02 1.723830752871421739e-08
5.370000000000000000e+02 1.725865627426610726e-08
5.380000000000000000e+02 1.727914850515619537e-08
5.390000000000000000e+02 1.729978402676179755e-08
5.400000000000000000e+02 1.732056246736316663e-08
5.410000000000000000e+02 1.734148327439739993e-08
5.420000000000000000e+02 1.736254571064623516e-08
5.430000000000000000e+02 1.738374885041699055e-08
5.440000000000000000e+02 1.740509157567542275e-08
5.450000000000000000e+02 1.742657257215330603e-08
5.460000000000000000e+02 1.744819032540747248e-08
5.470000000000000000e+02 1.746994311685326598e-08
5.480000000000000000e+02 1.749182901977265122e-08
5.490000000000000000e+02 1.751384589525904017e-08
5.500000000000000000e+02 1.753599171841039808e-08
5.510000000000000000e+02 1.755826558421768451e-08
5.520000000000000000e+02 1.758066674670654652e-08
5.530000000000000000e+02 1.760319429008880422e-08
5.540000000000000000e+02 1.762584712530465042e-08
5.550000000000000000e+02 1.764862398662598239e-08
5.560000000000000000e+02 1.767152342813842256e-08
5.570000000000000000e+02 1.769454382024094163e-08
5.580000000000000000e+02 1.771768334612034860e-08
5.590000000000000000e+02 1.774093999817095865e-08
5.600000000000000000e+02 1.776431157439342921e-08
5.610000000000000000e+02 1.778779567476775829e-08
5.620000000000000000e+02 1.781138969759075040e-08
5.630000000000000000e+02 1.783509117503144056e-08
5.640000000000000000e+02 1.785889880647011954e-08
5.650000000000000000e+02 1.788281147114628573e-08
5.660000000000000000e+02 1.790682789069003179e-08
5.670000000000000000e+02 1.793094662609578452e-08
5.680000000000000000e+02 1.795516607465508278e-08
5.690000000000000000e+02 1.797948446685819711e-08
5.700000000000000000e+02 1.800389986328477768e-08
5.710000000000000000e+02 1.802841015147361093e-08
5.720000000000000000e+02 1.805301304274055172e-08
5.730000000000000000e+02 1.807770606899567792e-08
5.740000000000000000e+02 1.810248657951342804e-08
5.750000000000000000e+02 1.812735173769164472e-08
5.760000000000000000e+02 1.815229851777892399e-08
5.770000000000000000e+02 1.817732405033639729e-08
5.780000000000000000e+02 1.820242668451257679e-08
5.790000000000000000e+02 1.822760497270348248e-08
5.800000000000000000e+02 1.825285732398483365e-08
5.810000000000000000e+02 1.827818200145801012e-08
5.820000000000000000e+02 1.830357711958987576e-08
5.830000000000000000e+02 1.832904064153608492e-08
5.840000000000000000e+02 1.835457037639427697e-08
5.850000000000000000e+02 1.838016397652058996e-08
5.860000000000000000e+02 1.840581893474383865e-08
5.870000000000000000e+02 1.843153258157854460e-08
5.880000000000000000e+02 1.845730208247519251e-08
5.890000000000000000e+02 1.848312443493992453e-08
5.900000000000000000e+02 1.850899646572913733e-08
5.910000000000000000e+02 1.853491515898341186e-08
5.920000000000000000e+02 1.856087866432070839e-08
5.930000000000000000e+02 1.858688533260300069e-08
5.940000000000000000e+02 1.861293338716323678e-08
5.950000000000000000e+02 1.863902092151874370e-08
5.960000000000000000e+02 1.866514589708837113e-08
5.970000000000000000e+02 1.869130614089121868e-08
5.980000000000000000e+02 1.871749934321024442e-08
5.990000000000000000e+02 1.874372305527650987e-08
6.000000000000000000e+02 1.876997468689580361e-08
6.010000000000000000e+02 1.879625150406202339e-08
6.020000000000000000e+02 1.882255062658596693e-08
6.030000000000000000e+02 1.884886902564864750e-08
6.040000000000000000e+02 1.887520352139265646e-08
6.050000000000000000e+02 1.890155111083774383e-08
6.060000000000000000e+02 1.892790997404576923e-08
6.070000000000000000e+02 1.895427851143403485e-08
6.080000000000000000e+02 1.898065501585802071e-08
6.090000000000000000e+02 1.900703767076126622e-08
6.100000000000000000e+02 1.903342454826984052e-08
6.110000000000000000e+02 1.905981360731265058e-08
6.120000000000000000e+02 1.908620269169192340e-08
6.130000000000000000e+02 1.911258952815028998e-08
6.140000000000000000e+02 1.913897172442866456e-08
6.150000000000000000e+02 1.916534676730923449e-08
6.160000000000000000e+02 1.919171202064330953e-08
6.170000000000000000e+02 1.921806472332825968e-08
6.180000000000000000e+02 1.924440198734663064e-08
6.190000000000000000e+02 1.927072079570656666e-08
6.200000000000000000e+02 1.929701831959141701e-08
6.210000000000000000e+02 1.932329289025144763e-08
6.220000000000000000e+02 1.934954306860276454e-08
6.230000000000000000e+02 1.937576732872696808e-08
6.240000000000000000e+02 1.940196405632355747e-08
6.250000000000000000e+02 1.942813154724796521e-08
6.260000000000000000e+02 1.945426800595854865e-08
6.270000000000000000e+02 1.948037154401307010e-08
6.280000000000000000e+02 1.950644017851659496e-08
6.290000000000000000e+02 1.953247183056362283e-08
6.300000000000000000e+02 1.955846432368699143e-08
6.310000000000000000e+02 1.958441538225755350e-08
6.320000000000000000e+02 1.961032262992803828e-08
6.330000000000000000e+02 1.963618358800253623e-08
6.340000000000000000e+02 1.966199567383763505e-08
6.350000000000000000e+02 1.968775647534649476e-08
6.360000000000000000e+02 1.971346459166514792e-08
6.370000000000000000e+02 1.973911882774021694e-08
6.380000000000000000e+02 1.976471792050661111e-08
6.390000000000000000e+02 1.979026053770825495e-08
6.400000000000000000e+02 1.981574527670314967e-08
6.410000000000000000e+02 1.984117066328499156e-08
6.420000000000000000e+02 1.986653515047638163e-08
6.430000000000000000e+02 1.989183711729981058e-08
6.440000000000000000e+02 1.991707486759123697e-08
6.450000000000000000e+02 1.994224662874618398e-08
6.460000000000000000e+02 1.996735055048232683e-08
6.470000000000000000e+02 1.999238470359286874e-08
6.480000000000000000e+02 2.001734707869053666e-08
6.490000000000000000e+02 2.004223558494229602e-08
6.500000000000000000e+02 2.006704829567768762e-08
6.510000000000000000e+02 2.009178419999150275e-08
6.520000000000000000e+02 2.011644248220927405e-08
6.530000000000000000e+02 2.014102227716894853e-08
6.540000000000000000e+02 2.016552266932345618e-08
6.550000000000000000e+02 2.018994269182947129e-08
6.560000000000000000e+02 2.021428132565599954e-08
6.570000000000000000e+02 2.023853749867264966e-08
6.580000000000000000e+02 2.026271008473763701e-08
6.590000000000000000e+02 2.028679790275838103e-08
6.600000000000000000e+02 2.031079971577908200e-08
6.610000000000000000e+02 2.033471423002021547e-08
6.620000000000000000e+02 2.035854009395895887e-08
6.630000000000000000e+02 2.038227589735439556e-08
6.640000000000000000e+02 2.040592017029305429e-08
6.650000000000000000e+02 2.042947138223427989e-08
6.660000000000000000e+02 2.045292815807292610e-08
6.670000000000000000e+02 2.047628993873439873e-08
6.680000000000000000e+02 2.049955634749574539e-08
6.690000000000000000e+02 2.052272697488501671e-08
6.700000000000000000e+02 2.054580137803686287e-08
6.710000000000000000e+02 2.056877908004302478e-08
6.720000000000000000e+02 2.059165956928348907e-08
6.730000000000000000e+02 2.061444229877365730e-08
6.740000000000000000e+02 2.063712668548493947e-08
6.750000000000000000e+02 2.065971210970303398e-08
6.760000000000000000e+02 2.068219791430235784e-08
6.770000000000000000e+02 2.070458340410817133e-08
6.780000000000000000e+02 2.072686784517462797e-08
6.790000000000000000e+02 2.074905046410050097e-08
6.800000000000000000e+02 2.077113044733980095e-08
6.810000000000000000e+02 2.079310694049986027e-08
6.820000000000000000e+02 2.081497924029457964e-08
6.830000000000000000e+02 2.083674738101467180e-08
6.840000000000000000e+02 2.085841157166777634e-08
6.850000000000000000e+02 2.087997200512183952e-08
6.860000000000000000e+02 2.090142885765715955e-08
6.870000000000000000e+02 2.092278228855897699e-08
6.880000000000000000e+02 2.094403243966222102e-08
6.890000000000000000e+02 2.096517943490717115e-08
6.900000000000000000e+02 2.098622337990635540e-08
6.910000000000000000e+02 2.100716436147787154e-08
6.920000000000000000e+02 2.102800244721991516e-08
6.930000000000000000e+02 2.104873768503668605e-08
6.940000000000000000e+02 2.106937010268296242e-08
6.950000000000000000e+02 2.108989970727461843e-08
6.960000000000000000e+02 2.111032648489396640e-08
6.970000000000000000e+02 2.113065040001684817e-08
6.980000000000000000e+02 2.115087139514105900e-08
6.990000000000000000e+02 2.117098956220046795e-08
7.000000000000000000e+02 2.119100566598612919e-08
7.010000000000000000e+02 2.121092064158503455e-08
7.020000000000000000e+02 2.123073542413326405e-08
7.030000000000000000e+02 2.125045094857102136e-08
7.040000000000000000e+02 2.127006814940286387e-08
7.050000000000000000e+02 2.128958796044777841e-08
7.060000000000000000e+02 2.130901131462586123e-08
7.070000000000000000e+02 2.132833914365669157e-08
7.080000000000000000e+02 2.134757237787255432e-08
7.090000000000000000e+02 2.136671194589593546e-08
7.100000000000000000e+02 2.138575877444814233e-08
7.110000000000000000e+02 2.140471378805317618e-08
7.120000000000000000e+02 2.142357790879430295e-08
7.130000000000000000e+02 2.144235205603647783e-08
7.140000000000000000e+02 2.146103714618604274e-08
7.150000000000000000e+02 2.147963409239214720e-08
7.160000000000000000e+02 2.149814392937460254e-08
7.170000000000000000e+02 2.151656819396450780e-08
7.180000000000000000e+02 2.153490855948452278e-08
7.190000000000000000e+02 2.155316671194111285e-08
7.200000000000000000e+02 2.157134434996620949e-08
7.210000000000000000e+02 2.158944318466813583e-08
7.220000000000000000e+02 2.160746493957042178e-08
7.230000000000000000e+02 2.162541135044292678e-08
7.240000000000000000e+02 2.164328416527048970e-08
7.250000000000000000e+02 2.166108514407249426e-08
7.260000000000000000e+02 2.167881605883577144e-08
7.270000000000000000e+02 2.169647869338843462e-08
7.280000000000000000e+02 2.171407484325525196e-08
7.290000000000000000e+02 2.173160631559456234e-08
7.300000000000000000e+02 2.174907492904219959e-08
7.310000000000000000e+02 2.176648251360366456e-08
7.320000000000000000e+02 2.178383091052803959e-08
7.330000000000000000e+02 2.180112203762646776e-08
7.340000000000000000e+02 2.181835808841865141e-08
7.350000000000000000e+02 2.183554134062000643e-08
7.360000000000000000e+02 2.185267409140464470e-08
7.370000000000000000e+02 2.186975865737907967e-08
7.380000000000000000e+02 2.188679737447792551e-08
7.390000000000000000e+02 2.190379259797766469e-08
7.400000000000000000e+02 2.192074670244126993e-08
7.410000000000000000e+02 2.193766208164419132e-08
7.420000000000000000e+02 2.195454114855066595e-08
7.430000000000000000e+02 2.197138633527185918e-08
7.440000000000000000e+02 2.198820009297936148e-08
7.450000000000000000e+02 2.200498489190420897e-08
7.460000000000000000e+02 2.202174322123920338e-08
7.470000000000000000e+02 2.203847758913584152e-08
7.480000000000000000e+02 2.205519052258640565e-08
7.490000000000000000e+02 2.207188456741857360e-08
7.500000000000000000e+02 2.208856228822763623e-08
7.510000000000000000e+02 2.210522626705649921e-08
7.520000000000000000e+02 2.212187909962605878e-08
7.530000000000000000e+02 2.213852339881835019e-08
7.540000000000000000e+02 2.215516179589975255e-08
7.550000000000000000e+02 2.217179694043673224e-08
7.560000000000000000e+02 2.218843150020988894e-08
7.570000000000000000e+02 2.220506816118063343e-08
7.580000000000000000e+02 2.222170962739377887e-08
7.590000000000000000e+02 2.223835862091470808e-08
7.600000000000000000e+02 2.225501788178349488e-08
7.610000000000000000e+02 2.227169016790442909e-08
7.620000000000000000e+02 2.228837825499752724e-08
7.630000000000000000e+02 2.230508493650342995e-08
7.640000000000000000e+02 2.232181302355088049e-08
7.650000000000000000e+02 2.233856534480400407e-08
7.660000000000000000e+02 2.235534474646391592e-08
7.670000000000000000e+02 2.237215409213155153e-08
7.680000000000000000e+02 2.238899626277029799e-08
7.690000000000000000e+02 2.240587409820096174e-08
7.700000000000000000e+02 2.242279021957819147e-08
7.710000000000000000e+02 2.243974720000786144e-08
7.720000000000000000e+02 2.245674762224827274e-08
7.730000000000000000e+02 2.247379407848571931e-08
7.740000000000000000e+02 2.249088917017327707e-08
7.750000000000000000e+02 2.250803550791509459e-08
7.760000000000000000e+02 2.252523571125503852e-08
7.770000000000000000e+02 2.254249240851030455e-08
7.780000000000000000e+02 2.255980823665095342e-08
7.790000000000000000e+02 2.257718584108299444e-08
7.800000000000000000e+02 2.259462787547682156e-08
7.810000000000000000e+02 2.261213700163232009e-08
7.820000000000000000e+02 2.262971588925621614e-08
7.830000000000000000e+02 2.264736721583340043e-08
7.840000000000000000e+02 2.266509366640054214e-08
7.850000000000000000e+02 2.268289793339472483e-08
7.860000000000000000e+02 2.270078271645220992e-08
7.870000000000000000e+02 2.271875072227330517e-08
7.880000000000000000e+02 2.273680457636626302e-08
7.890000000000000000e+02 2.275494655540997919e-08
7.900000000000000000e+02 2.277317884468769037e-08
7.910000000000000000e+02 2.279150362484231213e-08
7.920000000000000000e+02 2.280992307165672653e-08
7.930000000000000000e+02 2.282843935570432147e-08
7.940000000000000000e+02 2.284705464202617519e-08
7.950000000000000000e+02 2.286577108991492057e-08
7.960000000000000000e+02 2.288459085250821565e-08
7.970000000000000000e+02 2.290351607656812797e-08
7.980000000000000000e+02 2.292254890208924944e-08
7.990000000000000000e+02 2.294169146205380126e-08
8.000000000000000000e+02 2.296094588209478615e-08
8.010000000000000000e+02 2.298031428015641413e-08
8.020000000000000000e+02 2.299979876620242542e-08
8.030000000000000000e+02 2.301940144188183335e-08
8.040000000000000000e+02 2.303912440021244181e-08
8.050000000000000000e+02 2.305896972523146722e-08
8.060000000000000000e+02 2.307893949169454744e-08
8.070000000000000000e+02 2.309903567831598670e-08
8.080000000000000000e+02 2.311925990468531168e-08
8.090000000000000000e+02 2.313961368419391028e-08
8.100000000000000000e+02 2.316009850919461566e-08
8.110000000000000000e+02 2.318071585051590643e-08
8.120000000000000000e+02 2.320146715704518293e-08
8.130000000000000000e+02 2.322235385528855168e-08
8.140000000000000000e+02 2.324337734890692922e-08
8.150000000000000000e+02 2.326453901832209573e-08
8.160000000000000000e+02 2.328584022016345011e-08
8.170000000000000000e+02 2.330728228689935881e-08
8.180000000000000000e+02 2.332886652636152361e-08
8.190000000000000000e+02 2.335059422123446893e-08
8.200000000000000000e+02 2.337246662866825258e-08
8.210000000000000000e+02 2.339448497974089757e-08
8.220000000000000000e+02 2.341665047903363824e-08
8.230000000000000000e+02 2.343896430413996536e-08
8.240000000000000000e+02 2.346142760517137248e-08
8.250000000000000000e+02 2.348404150431334195e-08
8.260000000000000000e+02 2.350680703422773916e-08
8.270000000000000000e+02 2.352972495182588914e-08
8.280000000000000000e+02 2.355279591695754534e-08
8.290000000000000000e+02 2.357602055242581426e-08
8.300000000000000000e+02 2.359939944332326696e-08
8.310000000000000000e+02 2.362293313655859318e-08
8.320000000000000000e+02 2.364662214025058567e-08
8.330000000000000000e+02 2.367046692317266197e-08
8.340000000000000000e+02 2.369446791415048498e-08
8.350000000000000000e+02 2.371862550153244827e-08
8.360000000000000000e+02 2.374294003256955203e-08
8.370000000000000000e+02 2.376741181283526156e-08
8.380000000000000000e+02 2.379204110567521051e-08
8.390000000000000000e+02 2.381682813157638300e-08
8.400000000000000000e+02 2.384177306756562761e-08
8.410000000000000000e+02 2.386687604667131497e-08
8.420000000000000000e+02 2.389213715725972385e-08
8.430000000000000000e+02 2.391755644245641181e-08
8.440000000000000000e+02 2.394313389954218471e-08
8.450000000000000000e+02 2.396886946371447258e-08
8.460000000000000000e+02 2.399476295993856894e-08
8.470000000000000000e+02 2.402081414824020631e-08
8.480000000000000000e+02 2.404702273851946433e-08
8.490000000000000000e+02 2.407338838989307843e-08
8.500000000000000000e+02 2.409991071012384737e-08
8.510000000000000000e+02 2.412658925487657101e-08
8.520000000000000000e+02 2.415342352714034080e-08
8.530000000000000000e+02 2.418041297651082819e-08
8.540000000000000000e+02 2.420755699860576575e-08
8.550000000000000000e+02 2.423485493431687152e-08
8.560000000000000000e+02 2.426230606921817661e-08
8.570000000000000000e+02 2.428990963283324242e-08
8.580000000000000000e+02 2.431766479801348817e-08
8.590000000000000000e+02 2.434557068023243367e-08
8.600000000000000000e+02 2.437362633688739686e-08
8.610000000000000000e+02 2.440183076665562297e-08
8.620000000000000000e+02 2.443018290878879876e-08
8.630000000000000000e+02 2.445868164239193959e-08
8.640000000000000000e+02 2.448732583201046113e-08
8.650000000000000000e+02 2.451611446740145170e-08
8.660000000000000000e+02 2.454504652703844876e-08
8.670000000000000000e+02 2.457412093171215854e-08
8.680000000000000000e+02 2.460333654379264073e-08
8.690000000000000000e+02 2.463269216661753565e-08
8.700000000000000000e+02 2.466218654377042520e-08
8.710000000000000000e+02 2.469181835840264742e-08
8.720000000000000000e+02 2.472158623263525142e-08
8.730000000000000000e+02 2.475148872674269596e-08
8.740000000000000000e+02 2.478152433857148364e-08
8.750000000000000000e+02 2.481169150281205677e-08
8.760000000000000000e+02 2.484198859027874319e-08
8.770000000000000000e+02 2.487241390725821926e-08
8.780000000000000000e+02 2.490296569478232208e-08
8.790000000000000000e+02 2.493364212790898142e-08
8.800000000000000000e+02 2.496444131501152598e-08
8.810000000000000000e+02 2.499536129713753902e-08
8.820000000000000000e+02 2.502640004715710385e-08
8.830000000000000000e+02 2.505755557991833351e-08
8.840000000000000000e+02 2.508882628763908913e-08
8.850000000000000000e+02 2.512021061411102651e-08
8.860000000000000000e+02 2.515170694429835742e-08
8.870000000000000000e+02 2.518331360374908226e-08
8.880000000000000000e+02 2.521502885790435056e-08
8.890000000000000000e+02 2.524685091150325152e-08
8.900000000000000000e+02 2.527877790792266436e-08
8.910000000000000000e+02 2.531080792852605542e-08
8.920000000000000000e+02 2.534293899203396724e-08
8.930000000000000000e+02 2.537516905384134639e-08
8.940000000000000000e+02 2.540749600540649194e-08
8.950000000000000000e+02 2.543991767354925885e-08
8.960000000000000000e+02 2.547243181980838169e-08
8.970000000000000000e+02 2.550503613977049545e-08
8.980000000000000000e+02 2.553772826242114294e-08
8.990000000000000000e+02 2.557050574941641573e-08
9.000000000000000000e+02 2.560336609450338841e-08
9.010000000000000000e+02 2.563630672274699260e-08
9.020000000000000000e+02 2.566932514558604515e-08
9.030000000000000000e+02 2.570241943280384117e-08
9.040000000000000000e+02 2.573558775443565321e-08
9.050000000000000000e+02 2.576882822592151651e-08
9.060000000000000000e+02 2.580213890753378695e-08
9.070000000000000000e+02 2.583551780380167810e-08
9.080000000000000000e+02 2.586896286298469129e-08
9.090000000000000000e+02 2.590247197647872969e-08
9.100000000000000000e+02 2.593604297828421457e-08
9.110000000000000000e+02 2.596967364436742576e-08
9.120000000000000000e+02 2.600336169217514186e-08
9.130000000000000000e+02 2.603710477996405152e-08
9.140000000000000000e+02 2.607090050633640404e-08
9.150000000000000000e+02 2.610474640953726976e-08
9.160000000000000000e+02 2.613863996694541379e-08
9.170000000000000000e+02 2.617257859446962611e-08
9.180000000000000000e+02 2.620655964594217329e-08
9.190000000000000000e+02 2.624058041256217204e-08
9.200000000000000000e+02 2.627463812224355583e-08
9.210000000000000000e+02 2.630873011337494060e-08
9.220000000000000000e+02 2.634285436307066014e-08
9.230000000000000000e+02 2.637700897445752107e-08
9.240000000000000000e+02 2.641119200335183747e-08
9.250000000000000000e+02 2.644540145787738257e-08
9.260000000000000000e+02 2.647963529792035950e-08
9.270000000000000000e+02 2.651389143474321048e-08
9.280000000000000000e+02 2.654816773044825307e-08
9.290000000000000000e+02 2.658246199756036422e-08
9.300000000000000000e+02 2.661677199852641363e-08
9.310000000000000000e+02 2.665109544522575144e-08
9.320000000000000000e+02 2.668542999856025424e-08
9.330000000000000000e+02 2.671977326787854781e-08
9.340000000000000000e+02 2.675412281057523810e-08
9.350000000000000000e+02 2.678847613157879377e-08
9.360000000000000000e+02 2.682283068283680168e-08
9.370000000000000000e+02 2.685718386288148855e-08
9.380000000000000000e+02 2.689153301629669906e-08
9.390000000000000000e+02 2.692587543325138579e-08
9.400000000000000000e+02 2.696020853093564815e-08
9.410000000000000000e+02 2.699453040511634077e-08
9.420000000000000000e+02 2.702883929473128310e-08
9.430000000000000000e+02 2.706313340108387300e-08
9.440000000000000000e+02 2.709741088753173921e-08
9.450000000000000000e+02 2.713166987910406448e-08
9.460000000000000000e+02 2.716590846214504093e-08
9.470000000000000000e+02 2.720012468396972653e-08
9.480000000000000000e+02 2.723431655244781110e-08
9.490000000000000000e+02 2.726848203575485006e-08
9.500000000000000000e+02 2.730261906185366844e-08
9.510000000000000000e+02 2.733672551827071778e-08
9.520000000000000000e+02 2.737079925164458767e-08
9.530000000000000000e+02 2.740483806735731814e-08
9.540000000000000000e+02 2.743883972919280052e-08
9.550000000000000000e+02 2.747280195896498295e-08
9.560000000000000000e+02 2.750672243611577783e-08
9.570000000000000000e+02 2.754059879735402399e-08
9.580000000000000000e+02 2.757442863624968844e-08
9.590000000000000000e+02 2.760820968297131295e-08
9.600000000000000000e+02 2.764194035008570945e-08
9.610000000000000000e+02 2.767561920255612393e-08
9.620000000000000000e+02 2.770924477893064980e-08
9.630000000000000000e+02 2.774281559113317949e-08
9.640000000000000000e+02 2.777633012418041933e-08
9.650000000000000000e+02 2.780978683589747509e-08
9.660000000000000000e+02 2.784318415676372505e-08
9.670000000000000000e+02 2.787652048958237794e-08
9.680000000000000000e+02 2.790979420928034809e-08
9.690000000000000000e+02 2.794300366260435597e-08
9.700000000000000000e+02 2.797614716790393221e-08
9.710000000000000000e+02 2.800922301488405417e-08
9.720000000000000000e+02 2.804222946429729585e-08
9.730000000000000000e+02 2.807516474775318589e-08
9.740000000000000000e+02 2.810802706740795195e-08
9.750000000000000000e+02 2.814081459574206211e-08
9.760000000000000000e+02 2.817352547524721638e-08
9.770000000000000000e+02 2.820615781823151921e-08
9.780000000000000000e+02 2.823870987105421814e-08
9.790000000000000000e+02 2.827118051293910835e-08
9.800000000000000000e+02 2.830356877152554295e-08
9.810000000000000000e+02 2.833587365949342286e-08
9.820000000000000000e+02 2.836809417446715785e-08
9.830000000000000000e+02 2.840022929885873047e-08
9.840000000000000000e+02 2.843227799969467642e-08
9.850000000000000000e+02 2.846423922845729555e-08
9.860000000000000000e+02 2.849611192103196387e-08
9.870000000000000000e+02 2.852789499745580621e-08
9.880000000000000000e+02 2.855958736178713410e-08
9.890000000000000000e+02 2.859118790205129846e-08
9.900000000000000000e+02 2.862269548997126373e-08
9.910000000000000000e+02 2.865410898085034335e-08
9.920000000000000000e+02 2.868542721350114497e-08
9.930000000000000000e+02 2.871664900995761239e-08
9.940000000000000000e+02 2.874777317546440779e-08
9.950000000000000000e+02 2.877879849820258891e-08
9.960000000000000000e+02 2.880972374923154095e-08
9.970000000000000000e+02 2.884054783117738499e-08
9.980000000000000000e+02 2.887127022958886695e-08
9.990000000000000000e+02 2.890189057454331931e-08
1.000000000000000000e+03 2.893240849279018140e-08
1.001000000000000000e+03 2.896282360776513090e-08
1.002000000000000000e+03 2.899313553954147209e-08
1.003000000000000000e+03 2.902334390474953872e-08
1.004000000000000000e+03 2.905344831655892283e-08
1.005000000000000000e+03 2.908344838459721251e-08
1.006000000000000000e+03 2.911334371491578639e-08
1.007000000000000000e+03 2.914313390997147994e-08
1.008000000000000000e+03 2.917281856849644023e-08
1.009000000000000000e+03 2.920239728554290282e-08
1.010000000000000000e+03 2.923186965233627795e-08
1.011000000000000000e+03 2.926123525633570998e-08
1.012000000000000000e+03 2.929049368105419547e-08
1.013000000000000000e+03 2.931964450610269173e-08
1.014000000000000000e+03 2.934868730713811361e-08
1.015000000000000000e+03 2.937762165571379582e-08
1.016000000000000000e+03 2.940644725983164364e-08
1.017000000000000000e+03 2.943516438978966103e-08
1.018000000000000000e+03 2.946377346439920251e-08
1.019000000000000000e+03 2.949227491165543170e-08
1.020000000000000000e+03 2.952066916878189320e-08
1.021000000000000000e+03 2.954895668222593990e-08
1.022000000000000000e+03 2.957713790780149773e-08
1.023000000000000000e+03 2.960521331061911267e-08
1.024000000000000000e+03 2.963318336524558002e-08
1.025000000000000000e+03 2.966104855565023399e-08
1.026000000000000000e+03 2.968880937529915026e-08
1.027000000000000000e+03 2.971646632718365065e-08
1.028000000000000000e+03 2.974401992391516090e-08
1.029000000000000000e+03 2.977147068768754085e-08
1.030000000000000000e+03 2.979881915035532249e-08
1.031000000000000000e+03 2.982606585354575983e-08
1.032000000000000000e+03 2.985321134858767488e-08
1.033000000000000000e+03 2.988025619664020328e-08
1.034000000000000000e+03 2.990720096870501676e-08
1.035000000000000000e+03 2.993404636146769382e-08
1.036000000000000000e+03 2.996079354815764605e-08
1.037000000000000000e+03 2.998744383762409341e-08
1.038000000000000000e+03 3.001399855965235600e-08
1.039000000000000000e+03 3.004045906502455585e-08
1.040000000000000000e+03 3.006682672564812110e-08
1.041000000000000000e+03 3.009310293470162124e-08
1.042000000000000000e+03 3.011928910679844302e-08
1.043000000000000000e+03 3.014538667799723935e-08
1.044000000000000000e+03 3.017139710605136071e-08
1.045000000000000000e+03 3.019732187048847617e-08
1.046000000000000000e+03 3.022316247272434058e-08
1.047000000000000000e+03 3.024892043615962759e-08
1.048000000000000000e+03 3.027459730643217344e-08
1.049000000000000000e+03 3.030019465139423279e-08
1.050000000000000000e+03 3.032571406131377478e-08
1.051000000000000000e+03 3.035115714905952003e-08
1.052000000000000000e+03 3.037652555007831558e-08
1.053000000000000000e+03 3.040182092270240933e-08
1.054000000000000000e+03 3.042704500374133414e-08
1.055000000000000000e+03 3.045219977723041217e-08
1.056000000000000000e+03 3.047728731061387486e-08
1.057000000000000000e+03 3.050230969983805645e-08
1.058000000000000000e+03 3.052726906942993647e-08
1.059000000000000000e+03 3.055216757269862764e-08
1.060000000000000000e+03 3.057700739190243333e-08
1.061000000000000000e+03 3.060179073839873926e-08
1.062000000000000000e+03 3.062651985288281727e-08
1.063000000000000000e+03 3.065119700546810811e-08
1.064000000000000000e+03 3.067582449592618330e-08
1.065000000000000000e+03 3.070040465378534498e-08
1.066000000000000000e+03 3.072493983860758588e-08
1.067000000000000000e+03 3.074943244005254033e-08
1.068000000000000000e+03 3.077388487813793357e-08
1.069000000000000000e+03 3.079829960335779588e-08
1.070000000000000000e+03 3.082267909687272068e-08
1.071000000000000000e+03 3.084702587070067195e-08
1.072000000000000000e+03 3.087134246785442859e-08
1.073000000000000000e+03 3.089563143619513312e-08
1.074000000000000000e+03 3.091989524847379101e-08
1.075000000000000000e+03 3.094413638044409323e-08
1.076000000000000000e+03 3.096835733721037526e-08
1.077000000000000000e+03 3.099256065333521678e-08
1.078000000000000000e+03 3.101674889311148480e-08
1.079000000000000000e+03 3.104092465057965819e-08
1.080000000000000000e+03 3.106509054981919369e-08
1.081000000000000000e+03 3.108924924507647429e-08
1.082000000000000000e+03 3.111340342087434112e-08
1.083000000000000000e+03 3.113755579223222280e-08
1.084000000000000000e+03 3.116170910483192886e-08
1.085000000000000000e+03 3.118586613514690171e-08
1.086000000000000000e+03 3.121002969062722715e-08
1.087000000000000000e+03 3.123420260990384872e-08
1.088000000000000000e+03 3.125838776288209205e-08
1.089000000000000000e+03 3.128258805096535433e-08
1.090000000000000000e+03 3.130680640718647388e-08
1.091000000000000000e+03 3.133104579639540743e-08
1.092000000000000000e+03 3.135530911431898886e-08
1.093000000000000000e+03 3.137959888130502326e-08
1.094000000000000000e+03 3.140391754068870960e-08
1.095000000000000000e+03 3.142826755929746079e-08
1.096000000000000000e+03 3.145265142764658152e-08
1.097000000000000000e+03 3.147707165990919202e-08
1.098000000000000000e+03 3.150153079415022083e-08
1.099000000000000000e+03 3.152603139231515523e-08
1.100000000000000000e+03 3.155057604050310343e-08
1.101000000000000000e+03 3.157516734889887313e-08
1.102000000000000000e+03 3.159980795200882389e-08
1.103000000000000000e+03 3.162450050874531893e-08
1.104000000000000000e+03 3.164924770249207905e-08
1.105000000000000000e+03 3.167405224128439547e-08
1.106000000000000000e+03 3.169891685783649964e-08
1.107000000000000000e+03 3.172384430976107704e-08
1.108000000000000000e+03 3.174883737959700758e-08
1.109000000000000000e+03 3.177389887493332356e-08
1.110000000000000000e+03 3.179903162857218408e-08
1.111000000000000000e+03 3.182423834806240551e-08
1.112000000000000000e+03 3.184952115993754212e-08
1.113000000000000000e+03 3.187488205374583000e-08
1.114000000000000000e+03 3.190032303151396817e-08
1.115000000000000000e+03 3.192584610781885167e-08
1.116000000000000000e+03 3.195145330978130480e-08
1.117000000000000000e+03 3.197714667707913080e-08
1.118000000000000000e+03 3.200292826199923737e-08
1.119000000000000000e+03 3.202880012943092665e-08
1.120000000000000000e+03 3.205476435695746741e-08
1.121000000000000000e+03 3.208082303480991849e-08
1.122000000000000000e+03 3.210697826595880028e-08
1.123000000000000000e+03 3.213323216602790914e-08
1.124000000000000000e+03 3.215958686350482491e-08
1.125000000000000000e+03 3.218604449955540410e-08
1.126000000000000000e+03 3.221260722823467120e-08
1.127000000000000000e+03 3.223927721638009259e-08
1.128000000000000000e+03 3.226605664370345310e-08
1.129000000000000000e+03 3.229294770280323726e-08
1.130000000000000000e+03 3.231995243188977694e-08
1.131000000000000000e+03 3.234707220815416608e-08
1.132000000000000000e+03 3.237430824131749116e-08
1.133000000000000000e+03 3.240166173980019976e-08
1.134000000000000000e+03 3.242913391051393550e-08
1.135000000000000000e+03 3.245672595891494754e-08
1.136000000000000000e+03 3.248443908885542299e-08
1.137000000000000000e+03 3.251227450251498314e-08
1.138000000000000000e+03 3.254023340041319707e-08
1.139000000000000000e+03 3.256831698119827997e-08
1.140000000000000000e+03 3.259652644169953645e-08
1.141000000000000000e+03 3.262486297681696828e-08
1.142000000000000000e+03 3.265332777941014104e-08
1.143000000000000000e+03 3.268192204028887336e-08
1.144000000000000000e+03 3.271064694806025486e-08
1.145000000000000000e+03 3.273950368915993337e-08
1.146000000000000000e+03 3.276849344767759312e-08
1.147000000000000000e+03 3.279761740532581965e-08
1.148000000000000000e+03 3.282687674138828517e-08
1.149000000000000000e+03 3.285627248372477382e-08
1.150000000000000000e+03 3.288580505781994617e-08
1.151000000000000000e+03 3.291547472615805630e-08
1.152000000000000000e+03 3.294528173586457307e-08
1.153000000000000000e+03 3.297522631864695402e-08
1.154000000000000000e+03 3.300530869050536372e-08
1.155000000000000000e+03 3.303552905167215065e-08
1.156000000000000000e+03 3.306588758646762660e-08
1.157000000000000000e+03 3.309638446298688946e-08
1.158000000000000000e+03 3.312701983312180641e-08
1.159000000000000000e+03 3.315779383233074662e-08
1.160000000000000000e+03 3.318870657938578171e-08
1.161000000000000000e+03 3.321975817635133777e-08
1.162000000000000000e+03 3.325094870833023779e-08
1.163000000000000000e+03 3.328227824333558120e-08
1.164000000000000000e+03 3.331374683211981535e-08
1.165000000000000000e+03 3.334535450796038320e-08
1.166000000000000000e+03 3.337710128659372754e-08
1.167000000000000000e+03 3.340898716589280305e-08
1.168000000000000000e+03 3.344101203439029072e-08
1.169000000000000000e+03 3.347317539381915859e-08
1.170000000000000000e+03 3.350547662919036106e-08
1.171000000000000000e+03 3.353791509950253691e-08
1.172000000000000000e+03 3.357049013750352978e-08
1.173000000000000000e+03 3.360320104938589972e-08
1.174000000000000000e+03 3.363604711469748842e-08
1.175000000000000000e+03 3.366902758599196512e-08
1.176000000000000000e+03 3.370214168875982660e-08
1.177000000000000000e+03 3.373538862101173632e-08
1.178000000000000000e+03 3.376876755320790966e-08
1.179000000000000000e+03 3.380227762799176183e-08
1.180000000000000000e+03 3.383591795987829893e-08
1.181000000000000000e+03 3.386968763518205400e-08
1.182000000000000000e+03 3.390358571163820523e-08
1.183000000000000000e+03 3.393761121826330522e-08
1.184000000000000000e+03 3.397176315508389953e-08
1.185000000000000000e+03 3.400604049295201908e-08
1.186000000000000000e+03 3.404044217322761565e-08
1.187000000000000000e+03 3.407496710065912414e-08
1.188000000000000000e+03 3.410961412197084693e-08
1.189000000000000000e+03 3.414438204621972975e-08
1.190000000000000000e+03 3.417926965151347777e-08
1.191000000000000000e+03 3.421427568481833869e-08
1.192000000000000000e+03 3.424939886161022444e-08
1.193000000000000000e+03 3.428463786574743783e-08
1.194000000000000000e+03 3.431999134911968328e-08
1.195000000000000000e+03 3.435545793147455745e-08
1.196000000000000000e+03 3.439103620019894190e-08
1.197000000000000000e+03 3.442672470996457939e-08
1.198000000000000000e+03 3.446252198259724698e-08
1.199000000000000000e+03 3.449842650674281330e-08
1.200000000000000000e+03 3.453443673766731228e-08
1.201000000000000000e+03 3.457055109701127717e-08
1.202000000000000000e+03 3.460676797247497513e-08
1.203000000000000000e+03 3.464308571766147449e-08
1.204000000000000000e+03 3.467950265173725594e-08
1.205000000000000000e+03 3.471601705927375771e-08
1.206000000000000000e+03 3.475262724263309443e-08
1.207000000000000000e+03 3.478933168130723642e-08
1.208000000000000000e+03 3.482612887597811256e-08
1.209000000000000000e+03 3.486301729591633484e-08
1.210000000000000000e+03 3.489999537870315982e-08
1.211000000000000000e+03 3.493706153002034503e-08
1.212000000000000000e+03 3.497421412343933705e-08
1.213000000000000000e+03 3.501145150014049328e-08
1.214000000000000000e+03 3.504877196870044365e-08
1.215000000000000000e+03 3.508617380485561617e-08
1.216000000000000000e+03 3.512365525133471631e-08
1.217000000000000000e+03 3.516121451745813342e-08
1.218000000000000000e+03 3.519884977908471654e-08
1.219000000000000000e+03 3.523655917818576982e-08
1.220000000000000000e+03 3.527434082279075637e-08
1.221000000000000000e+03 3.531219278662923493e-08
1.222000000000000000e+03 3.535011310891170334e-08
1.223000000000000000e+03 3.538809979408622212e-08
1.224000000000000000e+03 3.542615081164133377e-08
1.225000000000000000e+03 3.546426414143917345e-08
1.226000000000000000e+03 3.550243791157846542e-08
1.227000000000000000e+03 3.554067026341110775e-08
1.228000000000000000e+03 3.557895930588342377e-08
1.229000000000000000e+03 3.561730311535326253e-08
1.230000000000000000e+03 3.565569973533532639e-08
1.231000000000000000e+03 3.569414717634074434e-08
1.232000000000000000e+03 3.573264341559720702e-08
1.233000000000000000e+03 3.577118639674385615e-08
1.234000000000000000e+03 3.580977402978797340e-08
1.235000000000000000e+03 3.584840419072702501e-08
1.236000000000000000e+03 3.588707472131253149e-08
1.237000000000000000e+03 3.592578342895741015e-08
1.238000000000000000e+03 3.596452808630661546e-08
1.239000000000000000e+03 3.600330643121521543e-08
1.240000000000000000e+03 3.604211616631690111e-08
1.241000000000000000e+03 3.608095495892866230e-08
1.242000000000000000e+03 3.611982044071351625e-08
1.243000000000000000e+03 3.615871020756011646e-08
1.244000000000000000e+03 3.619762185549258217e-08
1.245000000000000000e+03 3.623655309029824706e-08
1.246000000000000000e+03 3.627550162009101270e-08
1.247000000000000000e+03 3.631446511897211972e-08
1.248000000000000000e+03 3.635344122687179239e-08
1.249000000000000000e+03 3.639242754929263388e-08
1.250000000000000000e+03 3.643142165707664597e-08
1.251000000000000000e+03 3.647042108619584639e-08
1.252000000000000000e+03 3.650942333754238337e-08
1.253000000000000000e+03 3.654842587666864212e-08
1.254000000000000000e+03 3.658742613352632555e-08
1.255000000000000000e+03 3.662642150232818940e-08
1.256000000000000000e+03 3.666540934128593850e-08
1.257000000000000000e+03 3.670438697229728777e-08
1.258000000000000000e+03 3.674335168080573857e-08
1.259000000000000000e+03 3.678230071556065002e-08
1.260000000000000000e+03 3.682123128835158826e-08
1.261000000000000000e+03 3.686014057376657800e-08
1.262000000000000000e+03 3.689902570902453551e-08
1.263000000000000000e+03 3.693788387756388129e-08
1.264000000000000000e+03 3.697671256283678533e-08
1.265000000000000000e+03 3.701550930002833207e-08
1.266000000000000000e+03 3.705427159232581799e-08
1.267000000000000000e+03 3.709299691080448826e-08
1.268000000000000000e+03 3.713168269421225796e-08
1.269000000000000000e+03 3.717032634880426273e-08
1.270000000000000000e+03 3.720892524802503617e-08
1.271000000000000000e+03 3.724747673246814337e-08
1.272000000000000000e+03 3.728597810953159736e-08
1.273000000000000000e+03 3.732442665324957747e-08
1.274000000000000000e+03 3.736281960417472482e-08
1.275000000000000000e+03 3.740115416903077283e-08
1.276000000000000000e+03 3.743942752059341332e-08
1.277000000000000000e+03 3.747763679749445985e-08
1.278000000000000000e+03 3.751577910394840169e-08
1.279000000000000000e+03 3.755385150960623105e-08
1.280000000000000000e+03 3.759185104930617717e-08
1.281000000000000000e+03 3.762977472290079911e-08
1.282000000000000000e+03 3.766761965074891499e-08
1.283000000000000000e+03 3.770538354499051958e-08
1.284000000000000000e+03 3.774306424862673197e-08
1.285000000000000000e+03 3.778065958055583920e-08
1.286000000000000000e+03 3.781816733550638728e-08
1.287000000000000000e+03 3.785558528373620653e-08
1.288000000000000000e+03 3.789291117104245689e-08
1.289000000000000000e+03 3.793014271856368690e-08
1.290000000000000000e+03 3.796727762258095299e-08
1.291000000000000000e+03 3.800431355442276655e-08
1.292000000000000000e+03 3.804124816034382920e-08
1.293000000000000000e+03 3.807807906124584944e-08
1.294000000000000000e+03 3.811480385276516422e-08
1.295000000000000000e+03 3.815142010483482953e-08
1.296000000000000000e+03 3.818792536177162658e-08
1.297000000000000000e+03 3.822431714199456228e-08
1.298000000000000000e+03 3.826059293795357293e-08
1.299000000000000000e+03 3.829675021587279378e-08
1.300000000000000000e+03 3.833278641570487223e-08
1.301000000000000000e+03 3.836869916104758294e-08
1.302000000000000000e+03 3.840448689425814465e-08
1.303000000000000000e+03 3.844014825536690718e-08
1.304000000000000000e+03 3.847568187305270829e-08
1.305000000000000000e+03 3.851108636467041554e-08
1.306000000000000000e+03 3.854636033617196024e-08
1.307000000000000000e+03 3.858150238197328056e-08
1.308000000000000000e+03 3.861651108500874334e-08
1.309000000000000000e+03 3.865138501657082330e-08
1.310000000000000000e+03 3.868612273631078460e-08
1.311000000000000000e+03 3.872072279207740711e-08
1.312000000000000000e+03 3.875518371999836114e-08
1.313000000000000000e+03 3.878950404423738686e-08
1.314000000000000000e+03 3.882368227712962776e-08
1.315000000000000000e+03 3.885771691888378597e-08
1.316000000000000000e+03 3.889160645771740939e-08
1.317000000000000000e+03 3.892534936972122079e-08
1.318000000000000000e+03 3.895894411869526986e-08
1.319000000000000000e+03 3.899238915625748583e-08
1.320000000000000000e+03 3.902568315025168353e-08
1.321000000000000000e+03 3.905882567611394046e-08
1.322000000000000000e+03 3.909181654062205206e-08
1.323000000000000000e+03 3.912465555491340635e-08
1.324000000000000000e+03 3.915734253423381875e-08
1.325000000000000000e+03 3.918987729823567451e-08
1.326000000000000000e+03 3.922225967080881983e-08
1.327000000000000000e+03 3.925448948018656679e-08
1.328000000000000000e+03 3.928656655896930432e-08
1.329000000000000000e+03 3.931849074417588933e-08
1.330000000000000000e+03 3.935026187721200205e-08
1.331000000000000000e+03 3.938187980389360492e-08
1.332000000000000000e+03 3.941334437458209723e-08
1.333000000000000000e+03 3.944465544406912529e-08
1.334000000000000000e+03 3.947581287168393722e-08
1.335000000000000000e+03 3.950681652137350039e-08
1.336000000000000000e+03 3.953766626155879695e-08
1.337000000000000000e+03 3.956836196535480093e-08
1.338000000000000000e+03 3.959890351045473255e-08
1.339000000000000000e+03 3.962929097923325401e-08
1.340000000000000000e+03 3.965952526371406310e-08
1.341000000000000000e+03 3.968960747368989835e-08
1.342000000000000000e+03 3.971953873828817671e-08
1.343000000000000000e+03 3.974932020586531300e-08
1.344000000000000000e+03 3.977895304429691473e-08
1.345000000000000000e+03 3.980843844095719519e-08
1.346000000000000000e+03 3.983777760281133315e-08
1.347000000000000000e+03 3.986697175662222832e-08
1.348000000000000000e+03 3.989602214907259982e-08
1.349000000000000000e+03 3.992493004677317194e-08
1.350000000000000000e+03 3.995369673638483880e-08
1.351000000000000000e+03 3.998232352482727932e-08
1.352000000000000000e+03 4.001081173931641855e-08
1.353000000000000000e+03 4.003916272748782980e-08
1.354000000000000000e+03 4.006737785752055364e-08
1.355000000000000000e+03 4.009545851823252806e-08
1.356000000000000000e+03 4.012340611920500972e-08
1.357000000000000000e+03 4.015122209087855994e-08
1.358000000000000000e+03 4.017890801165163545e-08
1.359000000000000000e+03 4.020646599178724050e-08
1.360000000000000000e+03 4.023389829789587139e-08
1.361000000000000000e+03 4.026120722711112139e-08
1.362000000000000000e+03 4.028839510693809490e-08
1.363000000000000000e+03 4.031546429571265816e-08
1.364000000000000000e+03 4.034241718262516935e-08
1.365000000000000000e+03 4.036925618786048392e-08
1.366000000000000000e+03 4.039598376285557835e-08
1.367000000000000000e+03 4.042260239041159005e-08
1.368000000000000000e+03 4.044911458486463352e-08
1.369000000000000000e+03 4.047552289228660668e-08
1.370000000000000000e+03 4.050182989053922234e-08
1.371000000000000000e+03 4.052803818968211923e-08
1.372000000000000000e+03 4.055415043185084294e-08
1.373000000000000000e+03 4.058016929163658142e-08
1.374000000000000000e+03 4.060609747617141083e-08
1.375000000000000000e+03 4.063193772533219232e-08
1.376000000000000000e+03 4.065769281185584789e-08
1.377000000000000000e+03 4.068336556962140007e-08
1.378000000000000000e+03 4.070895897838346866e-08
1.379000000000000000e+03 4.073447608118530769e-08
1.380000000000000000e+03 4.075991995654808001e-08
1.381000000000000000e+03 4.078529371877616635e-08
1.382000000000000000e+03 4.081060051814415445e-08
1.383000000000000000e+03 4.083584354099398318e-08
1.384000000000000000e+03 4.086102600995229907e-08
1.385000000000000000e+03 4.088615118411857712e-08
1.386000000000000000e+03 4.091122235934418501e-08
1.387000000000000000e+03 4.093624286824067477e-08
1.388000000000000000e+03 4.096121608055047219e-08
1.389000000000000000e+03 4.098614540318602566e-08
1.390000000000000000e+03 4.101103428048075946e-08
1.391000000000000000e+03 4.103588619444113232e-08
1.392000000000000000e+03 4.106070466481693446e-08
1.393000000000000000e+03 4.108549324938464665e-08
1.394000000000000000e+03 4.111025554410989179e-08
1.395000000000000000e+03 4.113499518327959861e-08
1.396000000000000000e+03 4.115971576816535661e-08
1.397000000000000000e+03 4.118442065064159700e-08
1.398000000000000000e+03 4.120911314529643344e-08
1.399000000000000000e+03 4.123379660096109969e-08
1.400000000000000000e+03 4.125847440082268433e-08
1.401000000000000000e+03 4.128314996253652815e-08
1.402000000000000000e+03 4.130782673843153692e-08
1.403000000000000000e+03 4.133250821577798281e-08
1.404000000000000000e+03 4.135719791674680709e-08
1.405000000000000000e+03 4.138189939883303073e-08
1.406000000000000000e+03 4.140661625475348180e-08
1.407000000000000000e+03 4.143135211284057309e-08
1.408000000000000000e+03 4.145611063712681360e-08
1.409000000000000000e+03 4.148089552752256623e-08
1.410000000000000000e+03 4.150571051993198550e-08
1.411000000000000000e+03 4.153055938652517980e-08
1.412000000000000000e+03 4.155544593585516810e-08
1.413000000000000000e+03 4.158037401303749063e-08
1.414000000000000000e+03 4.160534749993028282e-08
1.415000000000000000e+03 4.163037015971198142e-08
1.416000000000000000e+03 4.165544516688645899e-08
1.417000000000000000e+03 4.168057556783357792e-08
1.418000000000000000e+03 4.170576443585779056e-08
1.419000000000000000e+03 4.173101487113479605e-08
1.420000000000000000e+03 4.175633000081539441e-08
1.421000000000000000e+03 4.178171297928827859e-08
1.422000000000000000e+03 4.180716698819003340e-08
1.423000000000000000e+03 4.183269523654179897e-08
1.424000000000000000e+03 4.185830096091824723e-08
1.425000000000000000e+03 4.188398742552154507e-08
1.426000000000000000e+03 4.190975792231904353e-08
1.427000000000000000e+03 4.193561577114946793e-08
1.428000000000000000e+03 4.196156431986135483e-08
1.429000000000000000e+03 4.198760694448392106e-08
1.430000000000000000e+03 4.201374704920584819e-08
1.431000000000000000e+03 4.203998806670720036e-08
1.432000000000000000e+03 4.206633345807441654e-08
1.433000000000000000e+03 4.209278671306880016e-08
1.434000000000000000e+03 4.211935113654311818e-08
1.435000000000000000e+03 4.214602920275962181e-08
1.436000000000000000e+03 4.217282318810156911e-08
1.437000000000000000e+03 4.219973538379819769e-08
1.438000000000000000e+03 4.222676809567969395e-08
1.439000000000000000e+03 4.225392364445066566e-08
1.440000000000000000e+03 4.228120436573737057e-08
1.441000000000000000e+03 4.230861260993918135e-08
1.442000000000000000e+03 4.233615074253603861e-08
1.443000000000000000e+03 4.236382114393998857e-08
1.444000000000000000e+03 4.239162620967284823e-08
1.445000000000000000e+03 4.241956835028249464e-08
1.446000000000000000e+03 4.244764999161959988e-08
1.447000000000000000e+03 4.247587357462274274e-08
1.448000000000000000e+03 4.250424155552977655e-08
1.449000000000000000e+03 4.253275640592566005e-08
1.450000000000000000e+03 4.256142061275725403e-08
1.451000000000000000e+03 4.259023667831484537e-08
1.452000000000000000e+03 4.261920712047832928e-08
1.453000000000000000e+03 4.264833423469230872e-08
1.454000000000000000e+03 4.267761937531151862e-08
1.455000000000000000e+03 4.270706366000615023e-08
1.456000000000000000e+03 4.273666820623408730e-08
1.457000000000000000e+03 4.276643413135448130e-08
1.458000000000000000e+03 4.279636255240809858e-08
1.459000000000000000e+03 4.282645458623064412e-08
1.460000000000000000e+03 4.285671134939958369e-08
1.461000000000000000e+03 4.288713395811354100e-08
1.462000000000000000e+03 4.291772352830599196e-08
1.463000000000000000e+03 4.294848117545726969e-08
1.464000000000000000e+03 4.297940801477565095e-08
1.465000000000000000e+03 4.301050516087406080e-08
1.466000000000000000e+03 4.304177372805234639e-08
1.467000000000000000e+03 4.307321482997300227e-08
1.468000000000000000e+03 4.310482957994415881e-08
1.469000000000000000e+03 4.313661909056050643e-08
1.470000000000000000e+03 4.316858447388485178e-08
1.471000000000000000e+03 4.320072684146126001e-08
1.472000000000000000e+03 4.323304709534304680e-08
1.473000000000000000e+03 4.326554529778743819e-08
1.474000000000000000e+03 4.329822128908064787e-08
1.475000000000000000e+03 4.333107489506092946e-08
1.476000000000000000e+03 4.336410592707300874e-08
1.477000000000000000e+03 4.339731418168261373e-08
1.478000000000000000e+03 4.343069944076682926e-08
1.479000000000000000e+03 4.346426147136507211e-08
1.480000000000000000e+03 4.349800002546053005e-08
1.481000000000000000e+03 4.353191484000158252e-08
1.482000000000000000e+03 4.356600563678588282e-08
1.483000000000000000e+03 4.360027212230944067e-08
1.484000000000000000e+03 4.363471398771883765e-08
1.485000000000000000e+03 4.366933090855560194e-08
1.486000000000000000e+03 4.370412254495027145e-08
1.487000000000000000e+03 4.373908854115810071e-08
1.488000000000000000e+03 4.377422852575295858e-08
1.489000000000000000e+03 4.380954211133524090e-08
1.490000000000000000e+03 4.384502889451725911e-08
1.491000000000000000e+03 4.388068836103739193e-08
1.492000000000000000e+03 4.391651959941357643e-08
1.493000000000000000e+03 4.395252158147864152e-08
1.494000000000000000e+03 4.398869325650342965e-08
1.495000000000000000e+03 4.402503355098044602e-08
1.496000000000000000e+03 4.406154136854703671e-08
1.497000000000000000e+03 4.409821558987363322e-08
1.498000000000000000e+03 4.413505507244576727e-08
1.499000000000000000e+03 4.417205865045117714e-08
1.500000000000000000e+03 4.420922513466664280e-08
1.501000000000000000e+03 4.424655331234462902e-08
1.502000000000000000e+03 4.428404194699334140e-08
1.503000000000000000e+03 4.432168977819133863e-08
1.504000000000000000e+03 4.435949552165009380e-08
1.505000000000000000e+03 4.439745786888635812e-08
1.506000000000000000e+03 4.443557548714200380e-08
1.507000000000000000e+03 4.447384701923266320e-08
1.508000000000000000e+03 4.451227108336011770e-08
1.509000000000000000e+03 4.455084627317440899e-08
1.510000000000000000e+03 4.458957124618148686e-08
1.511000000000000000e+03 4.462844499268351525e-08
1.512000000000000000e+03 4.466746657182459256e-08
1.513000000000000000e+03 4.470663502331526084e-08
1.514000000000000000e+03 4.474594936701435613e-08
1.515000000000000000e+03 4.478540860297722971e-08
1.516000000000000000e+03 4.482501171136042388e-08
1.517000000000000000e+03 4.486475765221762298e-08
1.518000000000000000e+03 4.490464536536713911e-08
1.519000000000000000e+03 4.494467377040385656e-08
1.520000000000000000e+03 4.498484176645782749e-08
1.521000000000000000e+03 4.502514823206054655e-08
1.522000000000000000e+03 4.506559202512002299e-08
1.523000000000000000e+03 4.510617198278690311e-08
1.524000000000000000e+03 4.514688692117412884e-08
1.525000000000000000e+03 4.518773563551362562e-08
1.526000000000000000e+03 4.522871689976579370e-08
1.527000000000000000e+03 4.526982946662968580e-08
1.528000000000000000e+03 4.531107206744385130e-08
1.529000000000000000e+03 4.535244355040165872e-08
1.530000000000000000e+03 4.539394329864622909e-08
1.531000000000000000e+03 4.543557082005873233e-08
1.532000000000000000e+03 4.547732560923912644e-08
1.533000000000000000e+03 4.551920714762463625e-08
1.534000000000000000e+03 4.556121490342475024e-08
1.535000000000000000e+03 4.560334833129676723e-08
1.536000000000000000e+03 4.564560687257548788e-08
1.537000000000000000e+03 4.568798995494812609e-08
1.538000000000000000e+03 4.573049699246174705e-08
1.539000000000000000e+03 4.577312738549384600e-08
1.540000000000000000e+03 4.581588052061137026e-08
1.541000000000000000e+03 4.585875577039170407e-08
1.542000000000000000e+03 4.590175249357894618e-08
1.543000000000000000e+03 4.594487003475547282e-08
1.544000000000000000e+03 4.598810772438593712e-08
1.545000000000000000e+03 4.603146487874951303e-08
1.546000000000000000e+03 4.607494079975936486e-08
1.547000000000000000e+03 4.611853477489388539e-08
1.548000000000000000e+03 4.616224601889725115e-08
1.549000000000000000e+03 4.620607349717201398e-08
1.550000000000000000e+03 4.625001609877303379e-08
1.551000000000000000e+03 4.629407269436619775e-08
1.552000000000000000e+03 4.633824213621993665e-08
1.553000000000000000e+03 4.638252325781819042e-08
1.554000000000000000e+03 4.642691487411610623e-08
1.555000000000000000e+03 4.647141578115209737e-08
1.556000000000000000e+03 4.651602475611413680e-08
1.557000000000000000e+03 4.656074055710225050e-08
1.558000000000000000e+03 4.660556192311857800e-08
1.559000000000000000e+03 4.665048757398153089e-08
1.560000000000000000e+03 4.669551621012496004e-08
1.561000000000000000e+03 4.674064651247303290e-08
1.562000000000000000e+03 4.678587714250632192e-08
1.563000000000000000e+03 4.683120674202176341e-08
1.564000000000000000e+03 4.687663393296824706e-08
1.565000000000000000e+03 4.692215731751237350e-08
1.566000000000000000e+03 4.696777547775838421e-08
1.567000000000000000e+03 4.701348680580135033e-08
1.568000000000000000e+03 4.705928899020411115e-08
1.569000000000000000e+03 4.710517951976039184e-08
1.570000000000000000e+03 4.715115585224923713e-08
1.571000000000000000e+03 4.719721541438094014e-08
1.572000000000000000e+03 4.724335560174330873e-08
1.573000000000000000e+03 4.728957377843717001e-08
1.574000000000000000e+03 4.733586727702147204e-08
1.575000000000000000e+03 4.738223339838072975e-08
1.576000000000000000e+03 4.742866941147517014e-08
1.577000000000000000e+03 4.747517255320707968e-08
1.578000000000000000e+03 4.752174002836514500e-08
1.579000000000000000e+03 4.756836900925571564e-08
1.580000000000000000e+03 4.761505663576374411e-08
1.581000000000000000e+03 4.766180001498270523e-08
1.582000000000000000e+03 4.770859622123601025e-08
1.583000000000000000e+03 4.775544229578429073e-08
1.584000000000000000e+03 4.780233524661007355e-08
1.585000000000000000e+03 4.784927204847813860e-08
1.586000000000000000e+03 4.789624960085104414e-08
1.587000000000000000e+03 4.794326460148446780e-08
1.588000000000000000e+03 4.799031367036387624e-08
1.589000000000000000e+03 4.803739339076704800e-08
1.590000000000000000e+03 4.808450030935308468e-08
1.591000000000000000e+03 4.813163093573575783e-08
1.592000000000000000e+03 4.817878174249275351e-08
1.593000000000000000e+03 4.822594916481682708e-08
1.594000000000000000e+03 4.827312960052482938e-08
1.595000000000000000e+03 4.832031940970762405e-08
1.596000000000000000e+03 4.836751491465861912e-08
1.597000000000000000e+03 4.841471239956221770e-08
1.598000000000000000e+03 4.846190811054194005e-08
1.599000000000000000e+03 4.850909825514726721e-08
1.600000000000000000e+03 4.855627900252158508e-08
1.601000000000000000e+03 4.860344648288736052e-08
1.602000000000000000e+03 4.865059678759319793e-08
1.603000000000000000e+03 4.869772596887930382e-08
1.604000000000000000e+03 4.874483003960190327e-08
1.605000000000000000e+03 4.879190510981011617e-08
1.606000000000000000e+03 4.883894779908320398e-08
1.607000000000000000e+03 4.888595483129096271e-08
1.608000000000000000e+03 4.893292289844050223e-08
1.609000000000000000e+03 4.897984866059207893e-08
1.610000000000000000e+03 4.902672874561198049e-08
1.611000000000000000e+03 4.907355974912834124e-08
1.612000000000000000e+03 4.912033823424231710e-08
1.613000000000000000e+03 4.916706073148313333e-08
1.614000000000000000e+03 4.921372373868178391e-08
1.615000000000000000e+03 4.926032372063949102e-08
1.616000000000000000e+03 4.930685710920493055e-08
1.617000000000000000e+03 4.935332030302399346e-08
1.618000000000000000e+03 4.939970966720622683e-08
1.619000000000000000e+03 4.944602153356619195e-08
1.620000000000000000e+03 4.949225220008381166e-08
1.621000000000000000e+03 4.953839793093956856e-08
1.622000000000000000e+03 4.958445495630260120e-08
1.623000000000000000e+03 4.963041947228373343e-08
1.624000000000000000e+03 4.967628789665575351e-08
1.625000000000000000e+03 4.972205764178226121e-08
1.626000000000000000e+03 4.976772635548705360e-08
1.627000000000000000e+03 4.981329166592545217e-08
1.628000000000000000e+03 4.985875118176045251e-08
1.629000000000000000e+03 4.990410249179833479e-08
1.630000000000000000e+03 4.994934316520672178e-08
1.631000000000000000e+03 4.999447075114918999e-08
1.632000000000000000e+03 5.003948277883640270e-08
1.633000000000000000e+03 5.008437675745220629e-08
1.634000000000000000e+03 5.012915017599575131e-08
1.635000000000000000e+03 5.017380050324889488e-08
1.636000000000000000e+03 5.021832518757554655e-08
1.637000000000000000e+03 5.026272165705696858e-08
1.638000000000000000e+03 5.030698731912238356e-08
1.639000000000000000e+03 5.035111956068404966e-08
1.640000000000000000e+03 5.039511574793560067e-08
1.641000000000000000e+03 5.043897322627617693e-08
1.642000000000000000e+03 5.048268932023464901e-08
1.643000000000000000e+03 5.052626163773434101e-08
1.644000000000000000e+03 5.056968898880653801e-08
1.645000000000000000e+03 5.061297048297586547e-08
1.646000000000000000e+03 5.065610522645514931e-08
1.647000000000000000e+03 5.069909232222204589e-08
1.648000000000000000e+03 5.074193086971188007e-08
1.649000000000000000e+03 5.078461996510681434e-08
1.650000000000000000e+03 5.082715870119917870e-08
1.651000000000000000e+03 5.086954616729676846e-08
1.652000000000000000e+03 5.091178144951344925e-08
1.653000000000000000e+03 5.095386363028907471e-08
1.654000000000000000e+03 5.099579178885168187e-08
1.655000000000000000e+03 5.103756500090843667e-08
1.656000000000000000e+03 5.107918233872217127e-08
1.657000000000000000e+03 5.112064287110224541e-08
1.658000000000000000e+03 5.116194566339542754e-08
1.659000000000000000e+03 5.120308977756324616e-08
1.660000000000000000e+03 5.124407427187017578e-08
1.661000000000000000e+03 5.128489820130678286e-08
1.662000000000000000e+03 5.132556090347186874e-08
1.663000000000000000e+03 5.136606286315954608e-08
1.664000000000000000e+03 5.140640486309723840e-08
1.665000000000000000e+03 5.144658769909922013e-08
1.666000000000000000e+03 5.148661218011958271e-08
1.667000000000000000e+03 5.152647912843634507e-08
1.668000000000000000e+03 5.156618937953053311e-08
1.669000000000000000e+03 5.160574378235791181e-08
1.670000000000000000e+03 5.164514319918434984e-08
1.671000000000000000e+03 5.168438850585821341e-08
1.672000000000000000e+03 5.172348059173318707e-08
1.673000000000000000e+03 5.176242035980992006e-08
1.674000000000000000e+03 5.180120872683461964e-08
1.675000000000000000e+03 5.183984662317733645e-08
1.676000000000000000e+03 5.187833499310648256e-08
1.677000000000000000e+03 5.191667479479984952e-08
1.678000000000000000e+03 5.195486700035527571e-08
1.679000000000000000e+03 5.199291259584551154e-08
1.680000000000000000e+03 5.203081258146177835e-08
1.681000000000000000e+03 5.206856818071174217e-08
1.682000000000000000e+03 5.210618147171638551e-08
1.683000000000000000e+03 5.214365476689807425e-08
1.684000000000000000e+03 5.218099040518973061e-08
1.685000000000000000e+03 5.221819075195754134e-08
1.686000000000000000e+03 5.225525819919068647e-08
1.687000000000000000e+03 5.229219516551288019e-08
1.688000000000000000e+03 5.232900409659651036e-08
1.689000000000000000e+03 5.236568746490659633e-08
1.690000000000000000e+03 5.240224777011560351e-08
1.691000000000000000e+03 5.243868753911632088e-08
1.692000000000000000e+03 5.247500932603405695e-08
1.693000000000000000e+03 5.251121571259888430e-08
1.694000000000000000e+03 5.254730930806881762e-08
1.695000000000000000e+03 5.258329274942287768e-08
1.696000000000000000e+03 5.261916870146442275e-08
1.697000000000000000e+03 5.265493985692477114e-08
1.698000000000000000e+03 5.269060893670271965e-08
1.699000000000000000e+03 5.272617868978780104e-08
1.700000000000000000e+03 5.276165198598082500e-08
1.701000000000000000e+03 5.279703209453835623e-08
1.702000000000000000e+03 5.283232241036507905e-08
1.703000000000000000e+03 5.286752636241947936e-08
1.704000000000000000e+03 5.290264741370216486e-08
1.705000000000000000e+03 5.293768906151767105e-08
1.706000000000000000e+03 5.297265483760002058e-08
1.707000000000000000e+03 5.300754830810115598e-08
1.708000000000000000e+03 5.304237307403707457e-08
1.709000000000000000e+03 5.307713277118552275e-08
1.710000000000000000e+03 5.311183107039591740e-08
1.711000000000000000e+03 5.314647167762462353e-08
1.712000000000000000e+03 5.318105833410794745e-08
1.713000000000000000e+03 5.321559481667407657e-08
1.714000000000000000e+03 5.325008493759462361e-08
1.715000000000000000e+03 5.328453254508167613e-08
1.716000000000000000e+03 5.331894152309343554e-08
1.717000000000000000e+03 5.335331579183265632e-08
1.718000000000000000e+03 5.338765930759852108e-08
1.719000000000000000e+03 5.342197602106983784e-08
1.720000000000000000e+03 5.345626975002000933e-08
1.721000000000000000e+03 5.349054430489679442e-08
1.722000000000000000e+03 5.352480353036677942e-08
1.723000000000000000e+03 5.355905130590260352e-08
1.724000000000000000e+03 5.359329154571968278e-08
1.725000000000000000e+03 5.362752819880536657e-08
1.726000000000000000e+03 5.366176524936894371e-08
1.727000000000000000e+03 5.369600671682532384e-08
1.728000000000000000e+03 5.373025665582488870e-08
1.729000000000000000e+03 5.376451915656480984e-08
1.730000000000000000e+03 5.379879834500760958e-08
1.731000000000000000e+03 5.383309838272397024e-08
1.732000000000000000e+03 5.386742346739371440e-08
1.733000000000000000e+03 5.390177783264871339e-08
1.734000000000000000e+03 5.393616574852853809e-08
1.735000000000000000e+03 5.397059152132321518e-08
1.736000000000000000e+03 5.400505949393549254e-08
1.737000000000000000e+03 5.403957404596022215e-08
1.738000000000000000e+03 5.407413942380149324e-08
1.739000000000000000e+03 5.410875922830248857e-08
1.740000000000000000e+03 5.414343691868055640e-08
1.741000000000000000e+03 5.417817598219373327e-08
1.742000000000000000e+03 5.421297993394971812e-08
1.743000000000000000e+03 5.424785231714286954e-08
1.744000000000000000e+03 5.428279670314878887e-08
1.745000000000000000e+03 5.431781669161908201e-08
1.746000000000000000e+03 5.435291591067213376e-08
1.747000000000000000e+03 5.438809801689267106e-08
1.748000000000000000e+03 5.442336669547499096e-08
1.749000000000000000e+03 5.445872566036651285e-08
1.750000000000000000e+03 5.449417865441190643e-08
1.751000000000000000e+03 5.452972944935303213e-08
1.752000000000000000e+03 5.456538184606964407e-08
1.753000000000000000e+03 5.460113967462785621e-08
1.754000000000000000e+03 5.463700679437700851e-08
1.755000000000000000e+03 5.467298709409482061e-08
1.756000000000000000e+03 5.470908449208472778e-08
1.757000000000000000e+03 5.474530266616870377e-08
1.758000000000000000e+03 5.478164423824320954e-08
1.759000000000000000e+03 5.481811157647472936e-08
1.760000000000000000e+03 5.485470706401163616e-08
1.761000000000000000e+03 5.489143309932135032e-08
1.762000000000000000e+03 5.492829209609048242e-08
1.763000000000000000e+03 5.496528648322154441e-08
1.764000000000000000e+03 5.500241870502523926e-08
1.765000000000000000e+03 5.503969122121776109e-08
1.766000000000000000e+03 5.507710650691800924e-08
1.767000000000000000e+03 5.511466705279157718e-08
1.768000000000000000e+03 5.515237536504815193e-08
1.769000000000000000e+03 5.519023396548786923e-08
1.770000000000000000e+03 5.522824539159680989e-08
1.771000000000000000e+03 5.526641219659384467e-08
1.772000000000000000e+03 5.530473694942788807e-08
1.773000000000000000e+03 5.534322223487392405e-08
1.774000000000000000e+03 5.538187065357986415e-08
1.775000000000000000e+03 5.542068482221248203e-08
1.776000000000000000e+03 5.545966706188546264e-08
1.777000000000000000e+03 5.549881845885367679e-08
1.778000000000000000e+03 5.553813978857906994e-08
1.779000000000000000e+03 5.557763182569696282e-08
1.780000000000000000e+03 5.561729534405363185e-08
1.781000000000000000e+03 5.565713111669426545e-08
1.782000000000000000e+03 5.569713991575126154e-08
1.783000000000000000e+03 5.573732251258150643e-08
1.784000000000000000e+03 5.577767967760451212e-08
1.785000000000000000e+03 5.581821218039003129e-08
1.786000000000000000e+03 5.585892078944539244e-08
1.787000000000000000e+03 5.589980627255361828e-08
1.788000000000000000e+03 5.594086939641043899e-08
1.789000000000000000e+03 5.598211092681217470e-08
1.790000000000000000e+03 5.602353162849259570e-08
1.791000000000000000e+03 5.606513226526098871e-08
1.792000000000000000e+03 5.610691359983868621e-08
1.793000000000000000e+03 5.614887639394690638e-08
1.794000000000000000e+03 5.619102140824370208e-08
1.795000000000000000e+03 5.623334916177277128e-08
1.796000000000000000e+03 5.627585920606232921e-08
1.797000000000000000e+03 5.631855083920346942e-08
1.798000000000000000e+03 5.636142334508694357e-08
1.799000000000000000e+03 5.640447599354792461e-08
1.800000000000000000e+03 5.644770804025751376e-08
1.801000000000000000e+03 5.649111872651172348e-08
1.802000000000000000e+03 5.653470727922364898e-08
1.803000000000000000e+03 5.657847291091580524e-08
1.804000000000000000e+03 5.662241481955931649e-08
1.805000000000000000e+03 5.666653218861710827e-08
1.806000000000000000e+03 5.671082418672892363e-08
1.807000000000000000e+03 5.675528996795906049e-08
1.808000000000000000e+03 5.679992867148087166e-08
1.809000000000000000e+03 5.684473942161954664e-08
1.810000000000000000e+03 5.688972132779254136e-08
1.811000000000000000e+03 5.693487348424368931e-08
1.812000000000000000e+03 5.698019497024026897e-08
1.813000000000000000e+03 5.702568484980685683e-08
1.814000000000000000e+03 5.707134217662933714e-08
1.815000000000000000e+03 5.711716600903587732e-08
1.816000000000000000e+03 5.716315539496318506e-08
1.817000000000000000e+03 5.720930936720103370e-08
1.818000000000000000e+03 5.725562694328033478e-08
1.819000000000000000e+03 5.730210712525709833e-08
1.820000000000000000e+03 5.734874889985940634e-08
1.821000000000000000e+03 5.739555123821894957e-08
1.822000000000000000e+03 5.744251309596629897e-08
1.823000000000000000e+03 5.748963341290913240e-08
1.824000000000000000e+03 5.753691111328395560e-08
1.825000000000000000e+03 5.758434510538163425e-08
1.826000000000000000e+03 5.763193428164242044e-08
1.827000000000000000e+03 5.767967751859441709e-08
1.828000000000000000e+03 5.772757367658209725e-08
1.829000000000000000e+03 5.777562159996635606e-08
1.830000000000000000e+03 5.782382011679993176e-08
1.831000000000000000e+03 5.787216803886990284e-08
1.832000000000000000e+03 5.792066416168795381e-08
1.833000000000000000e+03 5.796930746176344869e-08
1.834000000000000000e+03 5.801809769243692569e-08
1.835000000000000000e+03 5.806703479754006174e-08
1.836000000000000000e+03 5.811611871456784721e-08
1.837000000000000000e+03 5.816534937475618867e-08
1.838000000000000000e+03 5.821472670305404948e-08
1.839000000000000000e+03 5.826425061793622238e-08
1.840000000000000000e+03 5.831392103158725477e-08
1.841000000000000000e+03 5.836373784971408901e-08
1.842000000000000000e+03 5.841370097157074547e-08
1.843000000000000000e+03 5.846381028976983784e-08
1.844000000000000000e+03 5.851406569057399881e-08
1.845000000000000000e+03 5.856446705354735909e-08
1.846000000000000000e+03 5.861501425168683751e-08
1.847000000000000000e+03 5.866570715128650985e-08
1.848000000000000000e+03 5.871654561196202728e-08
1.849000000000000000e+03 5.876752948662188995e-08
1.850000000000000000e+03 5.881865862138466280e-08
1.851000000000000000e+03 5.886993285565741214e-08
1.852000000000000000e+03 5.892135191240860255e-08
1.853000000000000000e+03 5.897291506836583319e-08
1.854000000000000000e+03 5.902462147850664244e-08
1.855000000000000000e+03 5.907647028536517825e-08
1.856000000000000000e+03 5.912846061849727692e-08
1.857000000000000000e+03 5.918059159497227169e-08
1.858000000000000000e+03 5.923286231878294818e-08
1.859000000000000000e+03 5.928527188117533808e-08
1.860000000000000000e+03 5.933781936032840164e-08
1.861000000000000000e+03 5.939050382146743087e-08
1.862000000000000000e+03 5.944332431676032112e-08
1.863000000000000000e+03 5.949627988515901702e-08
1.864000000000000000e+03 5.954936955240393301e-08
1.865000000000000000e+03 5.960259233102867817e-08
1.866000000000000000e+03 5.965594722025561305e-08
1.867000000000000000e+03 5.970943320578143128e-08
1.868000000000000000e+03 5.976304926000035934e-08
1.869000000000000000e+03 5.981679434178977781e-08
1.870000000000000000e+03 5.987066739629485001e-08
1.871000000000000000e+03 5.992466694307219806e-08
1.872000000000000000e+03 5.997878983242117845e-08
1.873000000000000000e+03 6.003303246936951952e-08
1.874000000000000000e+03 6.008739122381746098e-08
1.875000000000000000e+03 6.014186243041552968e-08
1.876000000000000000e+03 6.019644238849741226e-08
1.877000000000000000e+03 6.025112736173621858e-08
1.878000000000000000e+03 6.030591357818713781e-08
1.879000000000000000e+03 6.036079722994261653e-08
1.880000000000000000e+03 6.041577447323029702e-08
1.881000000000000000e+03 6.047084142806738801e-08
1.882000000000000000e+03 6.052599417819183011e-08
1.883000000000000000e+03 6.058122877088207623e-08
1.884000000000000000e+03 6.063654121683219400e-08
1.885000000000000000e+03 6.069192748997113006e-08
1.886000000000000000e+03 6.074738352733707129e-08
1.887000000000000000e+03 6.080290522883990497e-08
1.888000000000000000e+03 6.085848845735894525e-08
1.889000000000000000e+03 6.091412903822491952e-08
1.890000000000000000e+03 6.096982257545810283e-08
1.891000000000000000e+03 6.102556389682266520e-08
1.892000000000000000e+03 6.108134759978429887e-08
1.893000000000000000e+03 6.113716823448566677e-08
1.894000000000000000e+03 6.119302030336233925e-08
1.895000000000000000e+03 6.124889826132143862e-08
1.896000000000000000e+03 6.130479651513120634e-08
1.897000000000000000e+03 6.136070942348634363e-08
1.898000000000000000e+03 6.141663129679134315e-08
1.899000000000000000e+03 6.147255639682994759e-08
1.900000000000000000e+03 6.152847893671704084e-08
1.901000000000000000e+03 6.158439308073748676e-08
1.902000000000000000e+03 6.164029294390033837e-08
1.903000000000000000e+03 6.169617259206041356e-08
1.904000000000000000e+03 6.175202604141456193e-08
1.905000000000000000e+03 6.180784725868007113e-08
1.906000000000000000e+03 6.186363016041862867e-08
1.907000000000000000e+03 6.191936861332827037e-08
1.908000000000000000e+03 6.197505643373733108e-08
1.909000000000000000e+03 6.203068755771571266e-08
1.910000000000000000e+03 6.208625655477087910e-08
1.911000000000000000e+03 6.214175812171541560e-08
1.912000000000000000e+03 6.219718691283792851e-08
1.913000000000000000e+03 6.225253753976464806e-08
1.914000000000000000e+03 6.230780457149398469e-08
1.915000000000000000e+03 6.236298253385527496e-08
1.916000000000000000e+03 6.241806590971511352e-08
1.917000000000000000e+03 6.247304913849247963e-08
1.918000000000000000e+03 6.252792661619187742e-08
1.919000000000000000e+03 6.258269269526386651e-08
1.920000000000000000e+03 6.263734168429146137e-08
1.921000000000000000e+03 6.269186784790734708e-08
1.922000000000000000e+03 6.274626540653705625e-08
1.923000000000000000e+03 6.280052853643192393e-08
1.924000000000000000e+03 6.285465136923741845e-08
1.925000000000000000e+03 6.290862799196726718e-08
1.926000000000000000e+03 6.296245244697797939e-08
1.927000000000000000e+03 6.301611873136049132e-08
1.928000000000000000e+03 6.306962119364086042e-08
1.929000000000000000e+03 6.312295572857489763e-08
1.930000000000000000e+03 6.317611859997134395e-08
1.931000000000000000e+03 6.322910604575567819e-08
1.932000000000000000e+03 6.328191427800737313e-08
1.933000000000000000e+03 6.333453948276269569e-08
1.934000000000000000e+03 6.338697781981701735e-08
1.935000000000000000e+03 6.343922542305562028e-08
1.936000000000000000e+03 6.349127839972667831e-08
1.937000000000000000e+03 6.354313283088970797e-08
1.938000000000000000e+03 6.359478477109949285e-08
1.939000000000000000e+03 6.364623024820691172e-08
1.940000000000000000e+03 6.369746526351369413e-08
1.941000000000000000e+03 6.374848579139567602e-08
1.942000000000000000e+03 6.379928777945754206e-08
1.943000000000000000e+03 6.384986714833301848e-08
1.944000000000000000e+03 6.390021979148417927e-08
1.945000000000000000e+03 6.395034157517823212e-08
1.946000000000000000e+03 6.400022833858372287e-08
1.947000000000000000e+03 6.404987638686293070e-08
1.948000000000000000e+03 6.409928397979401083e-08
1.949000000000000000e+03 6.414844986550136307e-08
1.950000000000000000e+03 6.419737278888372699e-08
1.951000000000000000e+03 6.424605149166892133e-08
1.952000000000000000e+03 6.429448471234925782e-08
1.953000000000000000e+03 6.434267118629651263e-08
1.954000000000000000e+03 6.439060964545739157e-08
1.955000000000000000e+03 6.443829881888821962e-08
1.956000000000000000e+03 6.448573743209048331e-08
1.957000000000000000e+03 6.453292420760599047e-08
1.958000000000000000e+03 6.457985786465199753e-08
1.959000000000000000e+03 6.462653711905555127e-08
1.960000000000000000e+03 6.467296068373075218e-08
1.961000000000000000e+03 6.471912726801092187e-08
1.962000000000000000e+03 6.476503557824685985e-08
1.963000000000000000e+03 6.481068431725836322e-08
1.964000000000000000e+03 6.485607218493421711e-08
1.965000000000000000e+03 6.490119787762205310e-08
1.966000000000000000e+03 6.494606056630375300e-08
1.967000000000000000e+03 6.499066133764008183e-08
1.968000000000000000e+03 6.503500177422373219e-08
1.969000000000000000e+03 6.507908347877271420e-08
1.970000000000000000e+03 6.512290807438263899e-08
1.971000000000000000e+03 6.516647720435270636e-08
1.972000000000000000e+03 6.520979253256039776e-08
1.973000000000000000e+03 6.525285574334875474e-08
1.974000000000000000e+03 6.529566854165748373e-08
1.975000000000000000e+03 6.533823265309323333e-08
1.976000000000000000e+03 6.538054982412281048e-08
1.977000000000000000e+03 6.542262182189842696e-08
1.978000000000000000e+03 6.546445043475828260e-08
1.979000000000000000e+03 6.550603747186766159e-08
1.980000000000000000e+03 6.554738476359737090e-08
1.981000000000000000e+03 6.558849416159531453e-08
1.982000000000000000e+03 6.562936753867322937e-08
1.983000000000000000e+03 6.567000678900130424e-08
1.984000000000000000e+03 6.571041382836545290e-08
1.985000000000000000e+03 6.575059097891249565e-08
1.986000000000000000e+03 6.579054213018414936e-08
1.987000000000000000e+03 6.583027159552517961e-08
1.988000000000000000e+03 6.586978372868711905e-08
1.989000000000000000e+03 6.590908292420744697e-08
1.990000000000000000e+03 6.594817361747991956e-08
1.991000000000000000e+03 6.598706028488644231e-08
1.992000000000000000e+03 6.602574744399166260e-08
1.993000000000000000e+03 6.606423965361329991e-08
1.994000000000000000e+03 6.610254151426708959e-08
1.995000000000000000e+03 6.614065766786324063e-08
1.996000000000000000e+03 6.617859279833950020e-08
1.997000000000000000e+03 6.621635163135746582e-08
1.998000000000000000e+03 6.625393893499999787e-08
1.999000000000000000e+03 6.629135951940470585e-08
2.000000000000000000e+03 6.632861823733752196e-08
2.001000000000000000e+03 6.636571998407686940e-08
2.002000000000000000e+03 6.640266969773741421e-08
2.003000000000000000e+03 6.643947235934285719e-08
2.004000000000000000e+03 6.647613318091797750e-08
2.005000000000000000e+03 6.651265817244674779e-08
2.006000000000000000e+03 6.654905358362163834e-08
2.007000000000000000e+03 6.658532571655217847e-08
2.008000000000000000e+03 6.662148092643592564e-08
2.009000000000000000e+03 6.665752562140820986e-08
2.010000000000000000e+03 6.669346626289809919e-08
2.011000000000000000e+03 6.672930936566780005e-08
2.012000000000000000e+03 6.676506149823336791e-08
2.013000000000000000e+03 6.680072928296857468e-08
2.014000000000000000e+03 6.683631939620876289e-08
2.015000000000000000e+03 6.687183856867340927e-08
2.016000000000000000e+03 6.690729358537952887e-08
2.017000000000000000e+03 6.694269128600126697e-08
2.018000000000000000e+03 6.697803856523081457e-08
2.019000000000000000e+03 6.701334237269228897e-08
2.020000000000000000e+03 6.704860971330309916e-08
2.021000000000000000e+03 6.708384764731580779e-08
2.022000000000000000e+03 6.711906329093756374e-08
2.023000000000000000e+03 6.715426381920367461e-08
2.024000000000000000e+03 6.718945647685038632e-08
2.025000000000000000e+03 6.722464856798499870e-08
2.026000000000000000e+03 6.725984745362764352e-08
2.027000000000000000e+03 6.729506055162724295e-08
2.028000000000000000e+03 6.733029533670506556e-08
2.029000000000000000e+03 6.736555934101546214e-08
2.030000000000000000e+03 6.740086015406158593e-08
2.031000000000000000e+03 6.743620542319289213e-08
2.032000000000000000e+03 6.747160285352109634e-08
2.033000000000000000e+03 6.750706020828930886e-08
2.034000000000000000e+03 6.754258530898244017e-08
2.035000000000000000e+03 6.757818603569777782e-08
2.036000000000000000e+03 6.761387032725642423e-08
2.037000000000000000e+03 6.764964618124927465e-08
2.038000000000000000e+03 6.768552165466976406e-08
2.039000000000000000e+03 6.772150486370038835e-08
2.040000000000000000e+03 6.775760398408554444e-08
2.041000000000000000e+03 6.779382725144032672e-08
2.042000000000000000e+03 6.783018275127267404e-08
2.043000000000000000e+03 6.786667778599648209e-08
2.044000000000000000e+03 6.790331949927647858e-08
2.045000000000000000e+03 6.794011508559635050e-08
2.046000000000000000e+03 6.797707179007971577e-08
2.047000000000000000e+03 6.801419690923147559e-08
2.048000000000000000e+03 6.805149779056199649e-08
2.049000000000000000e+03 6.808898183313225548e-08
2.050000000000000000e+03 6.812665648744110522e-08
2.051000000000000000e+03 6.816452925590589909e-08
2.052000000000000000e+03 6.820260769281604988e-08
2.053000000000000000e+03 6.824089940474922748e-08
2.054000000000000000e+03 6.827941205039243630e-08
2.055000000000000000e+03 6.831815334095878202e-08
2.056000000000000000e+03 6.835713104053947992e-08
2.057000000000000000e+03 6.839635296585867857e-08
2.058000000000000000e+03 6.843582698682495765e-08
2.059000000000000000e+03 6.847556102641895056e-08
2.060000000000000000e+03 6.851556306117996477e-08
2.061000000000000000e+03 6.855584071889237085e-08
2.062000000000000000e+03 6.859640006573855400e-08
2.063000000000000000e+03 6.863724680248870228e-08
2.064000000000000000e+03 6.867838666508706593e-08
2.065000000000000000e+03 6.871982542495073506e-08
2.066000000000000000e+03 6.876156888906851750e-08
2.067000000000000000e+03 6.880362289989851399e-08
2.068000000000000000e+03 6.884599333586937639e-08
2.069000000000000000e+03 6.888868611114427668e-08
2.070000000000000000e+03 6.893170717592133890e-08
2.071000000000000000e+03 6.897506251660100763e-08
2.072000000000000000e+03 6.901875815561615169e-08
2.073000000000000000e+03 6.906280015193637960e-08
2.074000000000000000e+03 6.910719460089860651e-08
2.075000000000000000e+03 6.915194763437463444e-08
2.076000000000000000e+03 6.919706542107454882e-08
2.077000000000000000e+03 6.924255416637699428e-08
2.078000000000000000e+03 6.928842011270074424e-08
2.079000000000000000e+03 6.933466953947048862e-08
2.080000000000000000e+03 6.938130820412290640e-08
2.081000000000000000e+03 6.942833965592619781e-08
2.082000000000000000e+03 6.947576689872592979e-08
2.083000000000000000e+03 6.952359294783541011e-08
2.084000000000000000e+03 6.957182083026437305e-08
2.085000000000000000e+03 6.962045358460694607e-08
2.086000000000000000e+03 6.966949426113422782e-08
2.087000000000000000e+03 6.971894592181870657e-08
2.088000000000000000e+03 6.976881164029014826e-08
2.089000000000000000e+03 6.981909450206569835e-08
2.090000000000000000e+03 6.986979760416292008e-08
2.091000000000000000e+03 6.992092405567294461e-08
2.092000000000000000e+03 6.997247697730479377e-08
2.093000000000000000e+03 7.002445950168438271e-08
2.094000000000000000e+03 7.007687477331055355e-08
2.095000000000000000e+03 7.012972594851067236e-08
2.096000000000000000e+03 7.018301619574124645e-08
2.097000000000000000e+03 7.023674869512970598e-08
2.098000000000000000e+03 7.029092663898210761e-08
2.099000000000000000e+03 7.034555260768722076e-08
2.100000000000000000e+03 7.040062668866989673e-08
2.101000000000000000e+03 7.045614833134168648e-08
2.102000000000000000e+03 7.051211696838353300e-08
2.103000000000000000e+03 7.056853201610181626e-08
2.104000000000000000e+03 7.062539287367364686e-08
2.105000000000000000e+03 7.068269892378068492e-08
2.106000000000000000e+03 7.074044953199248687e-08
2.107000000000000000e+03 7.079864404691369061e-08
2.108000000000000000e+03 7.085728180019301529e-08
2.109000000000000000e+03 7.091636210632260712e-08
2.110000000000000000e+03 7.097588426243665727e-08
2.111000000000000000e+03 7.103584754852932763e-08
2.112000000000000000e+03 7.109625122725354068e-08
2.113000000000000000e+03 7.115709454371890928e-08
2.114000000000000000e+03 7.121837672556987542e-08
2.115000000000000000e+03 7.128009698285334811e-08
2.116000000000000000e+03 7.134225450795665817e-08
2.117000000000000000e+03 7.140484847540417772e-08
2.118000000000000000e+03 7.146787765750964852e-08
2.119000000000000000e+03 7.153133926439309506e-08
2.120000000000000000e+03 7.159523008749935121e-08
2.121000000000000000e+03 7.165954688283261145e-08
2.122000000000000000e+03 7.172428637055918570e-08
2.123000000000000000e+03 7.178944523503370435e-08
2.124000000000000000e+03 7.185502012461316808e-08
2.125000000000000000e+03 7.192100765147054769e-08
2.126000000000000000e+03 7.198740439147888614e-08
2.127000000000000000e+03 7.205420688409516241e-08
2.128000000000000000e+03 7.212141163217296486e-08
2.129000000000000000e+03 7.218901510198828604e-08
2.130000000000000000e+03 7.225701372269554224e-08
2.131000000000000000e+03 7.232540388670891038e-08
2.132000000000000000e+03 7.239418194915757994e-08
2.133000000000000000e+03 7.246334422791062132e-08
2.134000000000000000e+03 7.253288700338762102e-08
2.135000000000000000e+03 7.260280651844063970e-08
2.136000000000000000e+03 7.267309897823579955e-08
2.137000000000000000e+03 7.274376107554992517e-08
2.138000000000000000e+03 7.281479157463831182e-08
2.139000000000000000e+03 7.288618974911307221e-08
2.140000000000000000e+03 7.295795485767394667e-08
2.141000000000000000e+03 7.303008614456049964e-08
2.142000000000000000e+03 7.310258283928617777e-08
2.143000000000000000e+03 7.317544415665969754e-08
2.144000000000000000e+03 7.324866929651777984e-08
2.145000000000000000e+03 7.332225744403525674e-08
2.146000000000000000e+03 7.339620776924076711e-08
2.147000000000000000e+03 7.347051942725458764e-08
2.148000000000000000e+03 7.354519155816536301e-08
2.149000000000000000e+03 7.362022328676126564e-08
2.150000000000000000e+03 7.369561372291363541e-08
2.151000000000000000e+03 7.377136196087236737e-08
2.152000000000000000e+03 7.384746707994038818e-08
2.153000000000000000e+03 7.392392814369506079e-08
2.154000000000000000e+03 7.400074420044530430e-08
2.155000000000000000e+03 7.407791428303428821e-08
2.156000000000000000e+03 7.415543845325310573e-08
2.157000000000000000e+03 7.423332095163715848e-08
2.158000000000000000e+03 7.431156709066188192e-08
2.159000000000000000e+03 7.439018221360777778e-08
2.160000000000000000e+03 7.446917169471575200e-08
2.161000000000000000e+03 7.454854093978293618e-08
2.162000000000000000e+03 7.462829538558632140e-08
2.163000000000000000e+03 7.470844050033218860e-08
2.164000000000000000e+03 7.478898178388676621e-08
2.165000000000000000e+03 7.486992476741859703e-08
2.166000000000000000e+03 7.495127501392322211e-08
2.167000000000000000e+03 7.503303811823392756e-08
2.168000000000000000e+03 7.511521970688430016e-08
2.169000000000000000e+03 7.519782543856129738e-08
2.170000000000000000e+03 7.528086100382020754e-08
2.171000000000000000e+03 7.536433212568666527e-08
2.172000000000000000e+03 7.544824455907540156e-08
2.173000000000000000e+03 7.553260409154101943e-08
2.174000000000000000e+03 7.561741654306704296e-08
2.175000000000000000e+03 7.570268731325535184e-08
2.176000000000000000e+03 7.578842001626798737e-08
2.177000000000000000e+03 7.587461782801354685e-08
2.178000000000000000e+03 7.596128393682690529e-08
2.179000000000000000e+03 7.604842154409247291e-08
2.180000000000000000e+03 7.613603386404939073e-08
2.181000000000000000e+03 7.622412412367017988e-08
2.182000000000000000e+03 7.631269556291290600e-08
2.183000000000000000e+03 7.640175143459984170e-08
2.184000000000000000e+03 7.649129500459544944e-08
2.185000000000000000e+03 7.658132955175988728e-08
2.186000000000000000e+03 7.667185836797749041e-08
2.187000000000000000e+03 7.676288475818508058e-08
2.188000000000000000e+03 7.685441204032510133e-08
2.189000000000000000e+03 7.694644354559967497e-08
2.190000000000000000e+03 7.703898261827357473e-08
2.191000000000000000e+03 7.713203261585320021e-08
2.192000000000000000e+03 7.722559690904010969e-08
2.193000000000000000e+03 7.731967888191043224e-08
2.194000000000000000e+03 7.741428057499058560e-08
2.195000000000000000e+03 7.750939859642787091e-08
2.196000000000000000e+03 7.760502815656518094e-08
2.197000000000000000e+03 7.770116441933648655e-08
2.198000000000000000e+03 7.779780250235322078e-08
2.199000000000000000e+03 7.789493747661190688e-08
2.200000000000000000e+03 7.799256436612470639e-08
2.201000000000000000e+03 7.809067814815754128e-08
2.202000000000000000e+03 7.818927375270814958e-08
2.203000000000000000e+03 7.828834606251587921e-08
2.204000000000000000e+03 7.838788991276670874e-08
2.205000000000000000e+03 7.848790009102654358e-08
2.206000000000000000e+03 7.858837133702179470e-08
2.207000000000000000e+03 7.868929834249587278e-08
2.208000000000000000e+03 7.879067575091248836e-08
2.209000000000000000e+03 7.889249815738778342e-08
2.210000000000000000e+03 7.899476010869954279e-08
2.211000000000000000e+03 7.909745610260582236e-08
2.212000000000000000e+03 7.920058058823670182e-08
2.213000000000000000e+03 7.930412732477613969e-08
2.214000000000000000e+03 7.940808744953893052e-08
2.215000000000000000e+03 7.951245138403797432e-08
2.216000000000000000e+03 7.961720947254748660e-08
2.217000000000000000e+03 7.972235198118406022e-08
2.218000000000000000e+03 7.982786909814334497e-08
2.219000000000000000e+03 7.993375093331982236e-08
2.220000000000000000e+03 8.003998751792556143e-08
2.221000000000000000e+03 8.014656880418549863e-08
2.222000000000000000e+03 8.025348466526473859e-08
2.223000000000000000e+03 8.036072489480809904e-08
2.224000000000000000e+03 8.046827920686686894e-08
2.225000000000000000e+03 8.057613723535939410e-08
2.226000000000000000e+03 8.068428853399688234e-08
2.227000000000000000e+03 8.079272257582002358e-08
2.228000000000000000e+03 8.090142875320243087e-08
2.229000000000000000e+03 8.101039637730819523e-08
2.230000000000000000e+03 8.111961467793854618e-08
2.231000000000000000e+03 8.122907280314375188e-08
2.232000000000000000e+03 8.133875992327228898e-08
2.233000000000000000e+03 8.144866554346781960e-08
2.234000000000000000e+03 8.155877919456411813e-08
2.235000000000000000e+03 8.166909032908168074e-08
2.236000000000000000e+03 8.177958832108482838e-08
2.237000000000000000e+03 8.189026246564582600e-08
2.238000000000000000e+03 8.200110197885790573e-08
2.239000000000000000e+03 8.211209599745565051e-08
2.240000000000000000e+03 8.222323357843401457e-08
2.241000000000000000e+03 8.233450369906113482e-08
2.242000000000000000e+03 8.244589525633895610e-08
2.243000000000000000e+03 8.255739706677846308e-08
2.244000000000000000e+03 8.266899786625359357e-08
2.245000000000000000e+03 8.278068630977613945e-08
2.246000000000000000e+03 8.289245097087422307e-08
2.247000000000000000e+03 8.300428034168225476e-08
2.248000000000000000e+03 8.311616283263545837e-08
2.249000000000000000e+03 8.322808677192525550e-08
2.250000000000000000e+03 8.334004040550945645e-08
2.251000000000000000e+03 8.345201243699896401e-08
2.252000000000000000e+03 8.356399365607472359e-08
2.253000000000000000e+03 8.367597533096286724e-08
2.254000000000000000e+03 8.378794866935157935e-08
2.255000000000000000e+03 8.389990481862381892e-08
2.256000000000000000e+03 8.401183486529221631e-08
2.257000000000000000e+03 8.412372983523220572e-08
2.258000000000000000e+03 8.423558069311587642e-08
2.259000000000000000e+03 8.434737834248493659e-08
2.260000000000000000e+03 8.445911362518293663e-08
2.261000000000000000e+03 8.457077732150796006e-08
2.262000000000000000e+03 8.468236014996491929e-08
2.263000000000000000e+03 8.479385276685624021e-08
2.264000000000000000e+03 8.490524576635441588e-08
2.265000000000000000e+03 8.501652968001140236e-08
2.266000000000000000e+03 8.512769497666933615e-08
2.267000000000000000e+03 8.523873206253340550e-08
2.268000000000000000e+03 8.534963128043708906e-08
2.269000000000000000e+03 8.546038291015620652e-08
2.270000000000000000e+03 8.557097793347436850e-08
2.271000000000000000e+03 8.568141034167598126e-08
2.272000000000000000e+03 8.579167485782819705e-08
2.273000000000000000e+03 8.590176617305216173e-08
2.274000000000000000e+03 8.601167894700783519e-08
2.275000000000000000e+03 8.612140780764974149e-08
2.276000000000000000e+03 8.623094735098171313e-08
2.277000000000000000e+03 8.634029214097359062e-08
2.278000000000000000e+03 8.644943670972270141e-08
2.279000000000000000e+03 8.655837555712660072e-08
2.280000000000000000e+03 8.666710315071787371e-08
2.281000000000000000e+03 8.677561392582557460e-08
2.282000000000000000e+03 8.688390228524669705e-08
2.283000000000000000e+03 8.699196259916217227e-08
2.284000000000000000e+03 8.709978920529858619e-08
2.285000000000000000e+03 8.720737640851675963e-08
2.286000000000000000e+03 8.731471848080918077e-08
2.287000000000000000e+03 8.742180966121561945e-08
2.288000000000000000e+03 8.752864415582075816e-08
2.289000000000000000e+03 8.763521695207675181e-08
2.290000000000000000e+03 8.774152627364767211e-08
2.291000000000000000e+03 8.784757115683455499e-08
2.292000000000000000e+03 8.795335063891477421e-08
2.293000000000000000e+03 8.805886375782016882e-08
2.294000000000000000e+03 8.816410955264041896e-08
2.295000000000000000e+03 8.826908706330162336e-08
2.296000000000000000e+03 8.837379533049120453e-08
2.297000000000000000e+03 8.847823339608031353e-08
2.298000000000000000e+03 8.858240030280125600e-08
2.299000000000000000e+03 8.868629509425556543e-08
2.300000000000000000e+03 8.878991681517146149e-08
2.301000000000000000e+03 8.889326451116333234e-08
2.302000000000000000e+03 8.899633722890640877e-08
2.303000000000000000e+03 8.909913401597883219e-08
2.304000000000000000e+03 8.920165392103660669e-08
2.305000000000000000e+03 8.930389599373895422e-08
2.306000000000000000e+03 8.940585928500745379e-08
2.307000000000000000e+03 8.950754284645016487e-08
2.308000000000000000e+03 8.960894642926713373e-08
2.309000000000000000e+03 8.971007258856264044e-08
2.310000000000000000e+03 8.981092460546908836e-08
2.311000000000000000e+03 8.991150579146894488e-08
2.312000000000000000e+03 9.001181948848234308e-08
2.313000000000000000e+03 9.011186906878726219e-08
2.314000000000000000e+03 9.021165793535905542e-08
2.315000000000000000e+03 9.031118952179073621e-08
2.316000000000000000e+03 9.041046729280212445e-08
2.317000000000000000e+03 9.050949474365503641e-08
2.318000000000000000e+03 9.060827540083108314e-08
2.319000000000000000e+03 9.070681282203696445e-08
2.320000000000000000e+03 9.080511059612453013e-08
2.321000000000000000e+03 9.090317234334900594e-08
2.322000000000000000e+03 9.100100171537370517e-08
2.323000000000000000e+03 9.109860239552892963e-08
2.324000000000000000e+03 9.119597809873240142e-08
2.325000000000000000e+03 9.129313257183343627e-08
2.326000000000000000e+03 9.139006959344881768e-08
2.327000000000000000e+03 9.148679341177599555e-08
2.328000000000000000e+03 9.158331006273795011e-08
2.329000000000000000e+03 9.167962606840339398e-08
2.330000000000000000e+03 9.177574800159964798e-08
2.331000000000000000e+03 9.187168248554115099e-08
2.332000000000000000e+03 9.196743619439542352e-08
2.333000000000000000e+03 9.206301585325275987e-08
2.334000000000000000e+03 9.215842823826633263e-08
2.335000000000000000e+03 9.225368017722089587e-08
2.336000000000000000e+03 9.234877854907477864e-08
2.337000000000000000e+03 9.244373028452874688e-08
2.338000000000000000e+03 9.253854236625384214e-08
2.339000000000000000e+03 9.263322182877570863e-08
2.340000000000000000e+03 9.272777575896018126e-08
2.341000000000000000e+03 9.282221129572569157e-08
2.342000000000000000e+03 9.291653563087403495e-08
2.343000000000000000e+03 9.301075600863098764e-08
2.344000000000000000e+03 9.310487972621998622e-08
2.345000000000000000e+03 9.319891413374660031e-08
2.346000000000000000e+03 9.329286672031192538e-08
2.347000000000000000e+03 9.338674537144022876e-08
2.348000000000000000e+03 9.348055811519274841e-08
2.349000000000000000e+03 9.357431303675662270e-08
2.350000000000000000e+03 9.366801827877196428e-08
2.351000000000000000e+03 9.376168204139939768e-08
2.352000000000000000e+03 9.385531258282227049e-08
2.353000000000000000e+03 9.394891821905428420e-08
2.354000000000000000e+03 9.404250732435548002e-08
2.355000000000000000e+03 9.413608833112645245e-08
2.356000000000000000e+03 9.422966973076132462e-08
2.357000000000000000e+03 9.432326007284511847e-08
2.358000000000000000e+03 9.441686796644398440e-08
2.359000000000000000e+03 9.451050207921478440e-08
2.360000000000000000e+03 9.460417113852267256e-08
2.361000000000000000e+03 9.469788393107443572e-08
2.362000000000000000e+03 9.479164930307565780e-08
2.363000000000000000e+03 9.488547616091403710e-08
2.364000000000000000e+03 9.497937347079219761e-08
2.365000000000000000e+03 9.507334996487521736e-08
2.366000000000000000e+03 9.516741325391073589e-08
2.367000000000000000e+03 9.526157070362859991e-08
2.368000000000000000e+03 9.535582972890956932e-08
2.369000000000000000e+03 9.545019779347362231e-08
2.370000000000000000e+03 9.554468241000777791e-08
2.371000000000000000e+03 9.563929114064722396e-08
2.372000000000000000e+03 9.573403159683943450e-08
2.373000000000000000e+03 9.582891143973821213e-08
2.374000000000000000e+03 9.592393837997891988e-08
2.375000000000000000e+03 9.601912017842758920e-08
2.376000000000000000e+03 9.611446464577929402e-08
2.377000000000000000e+03 9.620997964286513399e-08
2.378000000000000000e+03 9.630567308104826210e-08
2.379000000000000000e+03 9.640155292208841235e-08
2.380000000000000000e+03 9.649762717844994180e-08
2.381000000000000000e+03 9.659390391334374550e-08
2.382000000000000000e+03 9.669039124103617199e-08
2.383000000000000000e+03 9.678709732698092227e-08
2.384000000000000000e+03 9.688402975114898489e-08
2.385000000000000000e+03 9.698119358999657614e-08
2.386000000000000000e+03 9.707859331153904681e-08
2.387000000000000000e+03 9.717623340963347881e-08
2.388000000000000000e+03 9.727411840440111643e-08
2.389000000000000000e+03 9.737225284184523533e-08
2.390000000000000000e+03 9.747064129445359474e-08
2.391000000000000000e+03 9.756928836099555983e-08
2.392000000000000000e+03 9.766819866649743185e-08
2.393000000000000000e+03 9.776737686248765099e-08
2.394000000000000000e+03 9.786682762733276400e-08
2.395000000000000000e+03 9.796655566549331903e-08
2.396000000000000000e+03 9.806656570867017909e-08
2.397000000000000000e+03 9.816686251496998288e-08
2.398000000000000000e+03 9.826745086960241170e-08
2.399000000000000000e+03 9.836833558440477900e-08
2.400000000000000000e+03 9.846952149863135917e-08
2.401000000000000000e+03 9.857101347838754310e-08
2.402000000000000000e+03 9.867281641705807946e-08
2.403000000000000000e+03 9.877493438040365618e-08
2.404000000000000000e+03 9.887736803148273640e-08
2.405000000000000000e+03 9.898011717455278227e-08
2.406000000000000000e+03 9.908318160723876298e-08
2.407000000000000000e+03 9.918656112005692369e-08
2.408000000000000000e+03 9.929025549684740765e-08
2.409000000000000000e+03 9.939426451447960781e-08
2.410000000000000000e+03 9.949858794301246784e-08
2.411000000000000000e+03 9.960322554530750715e-08
2.412000000000000000e+03 9.970817707755443133e-08
2.413000000000000000e+03 9.981344228860978470e-08
2.414000000000000000e+03 9.991902092070603600e-08
2.415000000000000000e+03 1.000249127085146541e-07
2.416000000000000000e+03 1.001311173800390526e-07
2.417000000000000000e+03 1.002376346559515091e-07
2.418000000000000000e+03 1.003444642497536904e-07
2.419000000000000000e+03 1.004516058680300883e-07
2.420000000000000000e+03 1.005590592098744319e-07
2.421000000000000000e+03 1.006668239672345496e-07
2.422000000000000000e+03 1.007748990706547553e-07
2.423000000000000000e+03 1.008832804162140313e-07
2.424000000000000000e+03 1.009919631110589963e-07
2.425000000000000000e+03 1.011009422250062701e-07
2.426000000000000000e+03 1.012102127902576183e-07
2.427000000000000000e+03 1.013197698013919194e-07
2.428000000000000000e+03 1.014296082154498014e-07
2.429000000000000000e+03 1.015397229513705505e-07
2.430000000000000000e+03 1.016501088901684790e-07
2.431000000000000000e+03 1.017607608747395373e-07
2.432000000000000000e+03 1.018716737099457922e-07
2.433000000000000000e+03 1.019828421619568586e-07
2.434000000000000000e+03 1.020942609587055371e-07
2.435000000000000000e+03 1.022059247895074568e-07
2.436000000000000000e+03 1.023178283047727130e-07
2.437000000000000000e+03 1.024299661163694962e-07
2.438000000000000000e+03 1.025423327968692268e-07
2.439000000000000000e+03 1.026549228800971795e-07
2.440000000000000000e+03 1.027677308602826046e-07
2.441000000000000000e+03 1.028807514152714185e-07
2.442000000000000000e+03 1.029939800767116539e-07
2.443000000000000000e+03 1.031074125676215375e-07
2.444000000000000000e+03 1.032210445796357854e-07
2.445000000000000000e+03 1.033348717739558022e-07
2.446000000000000000e+03 1.034488897801425534e-07
2.447000000000000000e+03 1.035630941969740270e-07
2.448000000000000000e+03 1.036774805915176799e-07
2.449000000000000000e+03 1.037920444998011556e-07
2.450000000000000000e+03 1.039067814260715402e-07
2.451000000000000000e+03 1.040216868431843629e-07
2.452000000000000000e+03 1.041367561921440934e-07
2.453000000000000000e+03 1.042519848821160669e-07
2.454000000000000000e+03 1.043673682904382362e-07
2.455000000000000000e+03 1.044829017625389175e-07
2.456000000000000000e+03 1.045985806116648789e-07
2.457000000000000000e+03 1.047144001187031069e-07
2.458000000000000000e+03 1.048303555324768567e-07
2.459000000000000000e+03 1.049464420692833585e-07
2.460000000000000000e+03 1.050626558881241815e-07
2.461000000000000000e+03 1.051789970284279551e-07
2.462000000000000000e+03 1.052954665071572057e-07
2.463000000000000000e+03 1.054120653467059795e-07
2.464000000000000000e+03 1.055287945748172826e-07
2.465000000000000000e+03 1.056456552246913159e-07
2.466000000000000000e+03 1.057626483350939622e-07
2.467000000000000000e+03 1.058797749502744910e-07
2.468000000000000000e+03 1.059970361198829861e-07
2.469000000000000000e+03 1.061144328990787132e-07
2.470000000000000000e+03 1.062319663486390294e-07
2.471000000000000000e+03 1.063496375349729097e-07
2.472000000000000000e+03 1.064674475298461639e-07
2.473000000000000000e+03 1.065853974106823184e-07
2.474000000000000000e+03 1.067034882605758651e-07
2.475000000000000000e+03 1.068217211682095555e-07
2.476000000000000000e+03 1.069400972277713264e-07
2.477000000000000000e+03 1.070586175392561074e-07
2.478000000000000000e+03 1.071772832081903239e-07
2.479000000000000000e+03 1.072960943314529459e-07
2.480000000000000000e+03 1.074150469413048232e-07
2.481000000000000000e+03 1.075341360252648411e-07
2.482000000000000000e+03 1.076533565371343619e-07
2.483000000000000000e+03 1.077727033968142658e-07
2.484000000000000000e+03 1.078921714902189509e-07
2.485000000000000000e+03 1.080117556692866428e-07
2.486000000000000000e+03 1.081314507518935533e-07
2.487000000000000000e+03 1.082512515213787874e-07
2.488000000000000000e+03 1.083711527269429654e-07
2.489000000000000000e+03 1.084911490832700485e-07
2.490000000000000000e+03 1.086112352704403727e-07
2.491000000000000000e+03 1.087314059339406016e-07
2.492000000000000000e+03 1.088516556842842288e-07
2.493000000000000000e+03 1.089719790972160835e-07
2.494000000000000000e+03 1.090923707134299116e-07
2.495000000000000000e+03 1.092128250387735689e-07
2.496000000000000000e+03 1.093333365434770035e-07
2.497000000000000000e+03 1.094538996626502589e-07
2.498000000000000000e+03 1.095745073161237588e-07
2.499000000000000000e+03 1.096951464487522362e-07
2.500000000000000000e+03 1.098158024375978060e-07
2.501000000000000000e+03 1.099364605668567626e-07
2.502000000000000000e+03 1.100571060275297667e-07
2.503000000000000000e+03 1.101777239170911449e-07
2.504000000000000000e+03 1.102982992396502497e-07
2.505000000000000000e+03 1.104188169048325815e-07
2.506000000000000000e+03 1.105392617283340665e-07
2.507000000000000000e+03 1.106596184311949500e-07
2.508000000000000000e+03 1.107798716397630175e-07
2.509000000000000000e+03 1.109000058848662152e-07
2.510000000000000000e+03 1.110200056024671151e-07
2.511000000000000000e+03 1.111398551324389396e-07
2.512000000000000000e+03 1.112595387189232870e-07
2.513000000000000000e+03 1.113790405095986392e-07
2.514000000000000000e+03 1.114983445559395936e-07
2.515000000000000000e+03 1.116174348123849443e-07
2.516000000000000000e+03 1.117362951362982422e-07
2.517000000000000000e+03 1.118549094358666430e-07
2.518000000000000000e+03 1.119732621155127321e-07
2.519000000000000000e+03 1.120913376352905783e-07
2.520000000000000000e+03 1.122091203625604169e-07
2.521000000000000000e+03 1.123265945717626384e-07
2.522000000000000000e+03 1.124437444444915724e-07
2.523000000000000000e+03 1.125605540687703482e-07
2.524000000000000000e+03 1.126770074389236416e-07
2.525000000000000000e+03 1.127930884554507386e-07
2.526000000000000000e+03 1.129087809247987425e-07
2.527000000000000000e+03 1.130240685587338904e-07
2.528000000000000000e+03 1.131389349745144799e-07
2.529000000000000000e+03 1.132533636940601022e-07
2.530000000000000000e+03 1.133673381444257421e-07
2.531000000000000000e+03 1.134808416567687682e-07
2.532000000000000000e+03 1.135938574666217441e-07
2.533000000000000000e+03 1.137063687134614208e-07
2.534000000000000000e+03 1.138183584400750897e-07
2.535000000000000000e+03 1.139298095930353450e-07
2.536000000000000000e+03 1.140407061562895042e-07
2.537000000000000000e+03 1.141510365691492694e-07
2.538000000000000000e+03 1.142607903477975903e-07
2.539000000000000000e+03 1.143699569534319953e-07
2.540000000000000000e+03 1.144785257926431880e-07
2.541000000000000000e+03 1.145864862172888530e-07
2.542000000000000000e+03 1.146938275238598370e-07
2.543000000000000000e+03 1.148005389538595531e-07
2.544000000000000000e+03 1.149066096932707873e-07
2.545000000000000000e+03 1.150120288726309382e-07
2.546000000000000000e+03 1.151167855668025774e-07
2.547000000000000000e+03 1.152208687948452563e-07
2.548000000000000000e+03 1.153242675197854440e-07
2.549000000000000000e+03 1.154269706486918601e-07
2.550000000000000000e+03 1.155289670320364680e-07
2.551000000000000000e+03 1.156302454642802642e-07
2.552000000000000000e+03 1.157307946829269441e-07
2.553000000000000000e+03 1.158306033690066502e-07
2.554000000000000000e+03 1.159296601464349672e-07
2.555000000000000000e+03 1.160279551188699773e-07
2.556000000000000000e+03 1.161254844980747998e-07
2.557000000000000000e+03 1.162222460281016935e-07
2.558000000000000000e+03 1.163182374536911183e-07
2.559000000000000000e+03 1.164134565197689150e-07
2.560000000000000000e+03 1.165079009718681548e-07
2.561000000000000000e+03 1.166015685563466009e-07
2.562000000000000000e+03 1.166944570196768824e-07
2.563000000000000000e+03 1.167865641091785686e-07
2.564000000000000000e+03 1.168778875726171520e-07
2.565000000000000000e+03 1.169684251584215370e-07
2.566000000000000000e+03 1.170581746156954224e-07
2.567000000000000000e+03 1.171471336940217685e-07
2.568000000000000000e+03 1.172353001437843394e-07
2.569000000000000000e+03 1.173226717157648323e-07
2.570000000000000000e+03 1.174092461617759426e-07
2.571000000000000000e+03 1.174950212340508380e-07
2.572000000000000000e+03 1.175799946855654018e-07
2.573000000000000000e+03 1.176641642701538793e-07
2.574000000000000000e+03 1.177475292665293215e-07
2.575000000000000000e+03 1.178300950697971601e-07
2.576000000000000000e+03 1.179118686525463755e-07
2.577000000000000000e+03 1.179928570449159211e-07
2.578000000000000000e+03 1.180730673353698901e-07
2.579000000000000000e+03 1.181525066706398652e-07
2.580000000000000000e+03 1.182311822555615466e-07
2.581000000000000000e+03 1.183091013539573073e-07
2.582000000000000000e+03 1.183862712882645844e-07
2.583000000000000000e+03 1.184626994398963836e-07
2.584000000000000000e+03 1.185383932496026848e-07
2.585000000000000000e+03 1.186133602172028723e-07
2.586000000000000000e+03 1.186876079022623683e-07
2.587000000000000000e+03 1.187611439241404638e-07
2.588000000000000000e+03 1.188339759617225773e-07
2.589000000000000000e+03 1.189061117544141546e-07
2.590000000000000000e+03 1.189775591016631675e-07
2.591000000000000000e+03 1.190483258634292248e-07
2.592000000000000000e+03 1.191184199603374935e-07
2.593000000000000000e+03 1.191878505440737400e-07
2.594000000000000000e+03 1.192566315226727762e-07
2.595000000000000000e+03 1.193247780756391225e-07
2.596000000000000000e+03 1.193923054872461830e-07
2.597000000000000000e+03 1.194592291470075126e-07
2.598000000000000000e+03 1.195255645499370552e-07
2.599000000000000000e+03 1.195913272969158823e-07
2.600000000000000000e+03 1.196565330950596728e-07
2.601000000000000000e+03 1.197211977579806053e-07
2.602000000000000000e+03 1.197853372060494086e-07
2.603000000000000000e+03 1.198489674666578364e-07
2.604000000000000000e+03 1.199121046746942494e-07
2.605000000000000000e+03 1.199747650729139810e-07
2.606000000000000000e+03 1.200369650120969906e-07
2.607000000000000000e+03 1.200987209513120062e-07
2.608000000000000000e+03 1.201600494582877099e-07
2.609000000000000000e+03 1.202209672099988048e-07
2.610000000000000000e+03 1.202814909926114089e-07
2.611000000000000000e+03 1.203416377019627923e-07
2.612000000000000000e+03 1.204014249420559059e-07
2.613000000000000000e+03 1.204608728265713789e-07
2.614000000000000000e+03 1.205200021985029956e-07
2.615000000000000000e+03 1.205788340333786475e-07
2.616000000000000000e+03 1.206373894406546022e-07
2.617000000000000000e+03 1.206956896631787230e-07
2.618000000000000000e+03 1.207537560781568803e-07
2.619000000000000000e+03 1.208116101973688923e-07
2.620000000000000000e+03 1.208692736675995585e-07
2.621000000000000000e+03 1.209267682708547332e-07
2.622000000000000000e+03 1.209841159249014142e-07
2.623000000000000000e+03 1.210413386838089442e-07
2.624000000000000000e+03 1.210984587380586486e-07
2.625000000000000000e+03 1.211554984150862544e-07
2.626000000000000000e+03 1.212124801793916864e-07
2.627000000000000000e+03 1.212694266335161201e-07
2.628000000000000000e+03 1.213263605180453170e-07
2.629000000000000000e+03 1.213833047117205060e-07
2.630000000000000000e+03 1.214402822326354001e-07
2.631000000000000000e+03 1.214973162004963258e-07
2.632000000000000000e+03 1.215544297247951333e-07
2.633000000000000000e+03 1.216116460166692150e-07
2.634000000000000000e+03 1.216689884261563166e-07
2.635000000000000000e+03 1.217264804430673259e-07
2.636000000000000000e+03 1.217841456966609852e-07
2.637000000000000000e+03 1.218420079568460165e-07
2.638000000000000000e+03 1.219000911341842717e-07
2.639000000000000000e+03 1.219584192800024345e-07
2.640000000000000000e+03 1.220170165872691762e-07
2.641000000000000000e+03 1.220759073910372807e-07
2.642000000000000000e+03 1.221351161682281006e-07
2.643000000000000000e+03 1.221946675387310860e-07
2.644000000000000000e+03 1.222545862651889020e-07
2.645000000000000000e+03 1.223148972539898080e-07
2.646000000000000000e+03 1.223756255552728453e-07
2.647000000000000000e+03 1.224367963633725031e-07
2.648000000000000000e+03 1.224984350173740809e-07
2.649000000000000000e+03 1.225605670013401375e-07
2.650000000000000000e+03 1.226232173328614145e-07
2.651000000000000000e+03 1.226864087207010688e-07
2.652000000000000000e+03 1.227501633873722473e-07
2.653000000000000000e+03 1.228145036798452420e-07
2.654000000000000000e+03 1.228794520701664589e-07
2.655000000000000000e+03 1.229450311549706599e-07
2.656000000000000000e+03 1.230112636567641116e-07
2.657000000000000000e+03 1.230781724235482909e-07
2.658000000000000000e+03 1.231457804295511126e-07
2.659000000000000000e+03 1.232141107755158472e-07
2.660000000000000000e+03 1.232831866888792361e-07
2.661000000000000000e+03 1.233530315242832315e-07
2.662000000000000000e+03 1.234236687639764374e-07
2.663000000000000000e+03 1.234951220178822428e-07
2.664000000000000000e+03 1.235674150243350785e-07
2.665000000000000000e+03 1.236405716500380388e-07
2.666000000000000000e+03 1.237146158905771899e-07
2.667000000000000000e+03 1.237895718708261070e-07
2.668000000000000000e+03 1.238654638454621674e-07
2.669000000000000000e+03 1.239423151124495432e-07
2.670000000000000000e+03 1.240201447426870257e-07
2.671000000000000000e+03 1.240989708153003423e-07
2.672000000000000000e+03 1.241788115015773549e-07
2.673000000000000000e+03 1.242596850644995450e-07
2.674000000000000000e+03 1.243416098591694210e-07
2.675000000000000000e+03 1.244246043335762888e-07
2.676000000000000000e+03 1.245086870280145257e-07
2.677000000000000000e+03 1.245938765760752178e-07
2.678000000000000000e+03 1.246801917044015524e-07
2.679000000000000000e+03 1.247676512331191113e-07
2.680000000000000000e+03 1.248562740758162824e-07
2.681000000000000000e+03 1.249460792405397096e-07
2.682000000000000000e+03 1.250370858290985074e-07
2.683000000000000000e+03 1.251293130378350349e-07
2.684000000000000000e+03 1.252227801577188898e-07
2.685000000000000000e+03 1.253175065748941179e-07
2.686000000000000000e+03 1.254135117702074429e-07
2.687000000000000000e+03 1.255108153204356430e-07
2.688000000000000000e+03 1.256094354026371244e-07
2.689000000000000000e+03 1.257093842917467816e-07
2.690000000000000000e+03 1.258106728150083938e-07
2.691000000000000000e+03 1.259133118421784563e-07
2.692000000000000000e+03 1.260173122859517614e-07
2.693000000000000000e+03 1.261226851021608218e-07
2.694000000000000000e+03 1.262294412896338602e-07
2.695000000000000000e+03 1.263375918901657722e-07
2.696000000000000000e+03 1.264471479890598827e-07
2.697000000000000000e+03 1.265581207149859099e-07
2.698000000000000000e+03 1.266705212400657795e-07
2.699000000000000000e+03 1.267843607798451172e-07
2.700000000000000000e+03 1.268996505937223502e-07
2.701000000000000000e+03 1.270164019846917652e-07
2.702000000000000000e+03 1.271346262998880708e-07
2.703000000000000000e+03 1.272543349302145504e-07
2.704000000000000000e+03 1.273755393106587671e-07
2.705000000000000000e+03 1.274982509204941840e-07
2.706000000000000000e+03 1.276224812830224016e-07
2.707000000000000000e+03 1.277482399589728580e-07
2.708000000000000000e+03 1.278755285002663488e-07
2.709000000000000000e+03 1.280043464311145415e-07
2.710000000000000000e+03 1.281346932484441076e-07
2.711000000000000000e+03 1.282665684227415321e-07
2.712000000000000000e+03 1.283999713970527149e-07
2.713000000000000000e+03 1.285349015878290771e-07
2.714000000000000000e+03 1.286713583839255742e-07
2.715000000000000000e+03 1.288093411468689138e-07
2.716000000000000000e+03 1.289488492112429565e-07
2.717000000000000000e+03 1.290898818835681434e-07
2.718000000000000000e+03 1.292324384432658171e-07
2.719000000000000000e+03 1.293765181417683341e-07
2.720000000000000000e+03 1.295221202029042794e-07
2.721000000000000000e+03 1.296692438223548832e-07
2.722000000000000000e+03 1.298178881681565232e-07
2.723000000000000000e+03 1.299680523800398536e-07
2.724000000000000000e+03 1.301197355698165284e-07
2.725000000000000000e+03 1.302729368206003816e-07
2.726000000000000000e+03 1.304276525376848317e-07
2.727000000000000000e+03 1.305838684669745288e-07
2.728000000000000000e+03 1.307415675906413793e-07
2.729000000000000000e+03 1.309007327680212070e-07
2.730000000000000000e+03 1.310613467361371398e-07
2.731000000000000000e+03 1.312233921085856028e-07
2.732000000000000000e+03 1.313868513757087423e-07
2.733000000000000000e+03 1.315517069038295550e-07
2.734000000000000000e+03 1.317179409353069451e-07
2.735000000000000000e+03 1.318855355880042646e-07
2.736000000000000000e+03 1.320544728546389498e-07
2.737000000000000000e+03 1.322247346028368383e-07
2.738000000000000000e+03 1.323963025745983260e-07
2.739000000000000000e+03 1.325691583858817061e-07
2.740000000000000000e+03 1.327432835264210311e-07
2.741000000000000000e+03 1.329186593593086046e-07
2.742000000000000000e+03 1.330952671201038232e-07
2.743000000000000000e+03 1.332730879175946063e-07
2.744000000000000000e+03 1.334521027324333026e-07
2.745000000000000000e+03 1.336322885783260923e-07
2.746000000000000000e+03 1.338136069417946886e-07
2.747000000000000000e+03 1.339960152180539737e-07
2.748000000000000000e+03 1.341794705385909396e-07
2.749000000000000000e+03 1.343639297700805121e-07
2.750000000000000000e+03 1.345493495134175775e-07
2.751000000000000000e+03 1.347356861035791282e-07
2.752000000000000000e+03 1.349228956082983649e-07
2.753000000000000000e+03 1.351109338275682292e-07
2.754000000000000000e+03 1.352997562929070526e-07
2.755000000000000000e+03 1.354893182666227498e-07
2.756000000000000000e+03 1.356795747410762702e-07
2.757000000000000000e+03 1.358704804378243747e-07
2.758000000000000000e+03 1.360619898071193825e-07
2.759000000000000000e+03 1.362540570268109142e-07
2.760000000000000000e+03 1.364466360018437068e-07
2.761000000000000000e+03 1.366396803636350181e-07
2.762000000000000000e+03 1.368331434688527551e-07
2.763000000000000000e+03 1.370269783992699964e-07
2.764000000000000000e+03 1.372211388374869713e-07
2.765000000000000000e+03 1.374155817079877309e-07
2.766000000000000000e+03 1.376102645631184395e-07
2.767000000000000000e+03 1.378051447072073441e-07
2.768000000000000000e+03 1.380001791963640540e-07
2.769000000000000000e+03 1.381953248380393219e-07
2.770000000000000000e+03 1.383905381894992729e-07
2.771000000000000000e+03 1.385857755582259718e-07
2.772000000000000000e+03 1.387809930003891370e-07
2.773000000000000000e+03 1.389761463205222833e-07
2.774000000000000000e+03 1.391711910709569035e-07
2.775000000000000000e+03 1.393660825507725182e-07
2.776000000000000000e+03 1.395607758054704360e-07
2.777000000000000000e+03 1.397552256261638838e-07
2.778000000000000000e+03 1.399493865488870133e-07
2.779000000000000000e+03 1.401432128537823848e-07
2.780000000000000000e+03 1.403366585647720800e-07
2.781000000000000000e+03 1.405296774483790823e-07
2.782000000000000000e+03 1.407222230135180860e-07
2.783000000000000000e+03 1.409142613413701936e-07
2.784000000000000000e+03 1.411058097239652689e-07
2.785000000000000000e+03 1.412968984310219781e-07
2.786000000000000000e+03 1.414875579157273032e-07
2.787000000000000000e+03 1.416778188157646281e-07
2.788000000000000000e+03 1.418677119538559986e-07
2.789000000000000000e+03 1.420572683376943862e-07
2.790000000000000000e+03 1.422465191614641918e-07
2.791000000000000000e+03 1.424354958050411965e-07
2.792000000000000000e+03 1.426242298356373141e-07
2.793000000000000000e+03 1.428127530077351847e-07
2.794000000000000000e+03 1.430010972637567215e-07
2.795000000000000000e+03 1.431892947344877394e-07
2.796000000000000000e+03 1.433773777398712010e-07
2.797000000000000000e+03 1.435653787888195990e-07
2.798000000000000000e+03 1.437533305807464710e-07
2.799000000000000000e+03 1.439412660052572328e-07
2.800000000000000000e+03 1.441292181429452832e-07
2.801000000000000000e+03 1.443172202658208146e-07
2.802000000000000000e+03 1.445053004777875014e-07
2.803000000000000000e+03 1.446934655718927206e-07
2.804000000000000000e+03 1.448817170056267264e-07
2.805000000000000000e+03 1.450700562452392582e-07
2.806000000000000000e+03 1.452584847662541926e-07
2.807000000000000000e+03 1.454470040537389002e-07
2.808000000000000000e+03 1.456356156014592503e-07
2.809000000000000000e+03 1.458243209128911805e-07
2.810000000000000000e+03 1.460131215004988918e-07
2.811000000000000000e+03 1.462020188862520950e-07
2.812000000000000000e+03 1.463910146012753389e-07
2.813000000000000000e+03 1.465801101862417481e-07
2.814000000000000000e+03 1.467693071911463360e-07
2.815000000000000000e+03 1.469586071752029581e-07
2.816000000000000000e+03 1.471480117074879770e-07
2.817000000000000000e+03 1.473375223662153618e-07
2.818000000000000000e+03 1.475271407392562366e-07
2.819000000000000000e+03 1.477168684237864615e-07
2.820000000000000000e+03 1.479067070266825418e-07
2.821000000000000000e+03 1.480966501256485301e-07
2.822000000000000000e+03 1.482866590616577684e-07
2.823000000000000000e+03 1.484766868953858355e-07
2.824000000000000000e+03 1.486666864221390818e-07
2.825000000000000000e+03 1.488566101720202243e-07
2.826000000000000000e+03 1.490464104083397360e-07
2.827000000000000000e+03 1.492360391272780389e-07
2.828000000000000000e+03 1.494254480572971866e-07
2.829000000000000000e+03 1.496145886584262329e-07
2.830000000000000000e+03 1.498034121210421137e-07
2.831000000000000000e+03 1.499918693659065719e-07
2.832000000000000000e+03 1.501799110429455831e-07
2.833000000000000000e+03 1.503674875307814492e-07
2.834000000000000000e+03 1.505545489358870628e-07
2.835000000000000000e+03 1.507410450917382118e-07
2.836000000000000000e+03 1.509269255587226302e-07
2.837000000000000000e+03 1.511121396226595689e-07
2.838000000000000000e+03 1.512966362944543393e-07
2.839000000000000000e+03 1.514803643093730143e-07
2.840000000000000000e+03 1.516632729797753519e-07
2.841000000000000000e+03 1.518453147648990955e-07
2.842000000000000000e+03 1.520264427263168849e-07
2.843000000000000000e+03 1.522066096757719566e-07
2.844000000000000000e+03 1.523857681750187429e-07
2.845000000000000000e+03 1.525638705347751185e-07
2.846000000000000000e+03 1.527408688141803264e-07
2.847000000000000000e+03 1.529167148205077269e-07
2.848000000000000000e+03 1.530913601078583563e-07
2.849000000000000000e+03 1.532647559771261180e-07
2.850000000000000000e+03 1.534368534750715795e-07
2.851000000000000000e+03 1.536076033933934118e-07
2.852000000000000000e+03 1.537769562688201602e-07
2.853000000000000000e+03 1.539448623815419367e-07
2.854000000000000000e+03 1.541112717554289543e-07
2.855000000000000000e+03 1.542761341565877327e-07
2.856000000000000000e+03 1.544393990935794478e-07
2.857000000000000000e+03 1.546010158157171042e-07
2.858000000000000000e+03 1.547609333132827725e-07
2.859000000000000000e+03 1.549191032206179786e-07
2.860000000000000000e+03 1.550754885604844812e-07
2.861000000000000000e+03 1.552300550881162902e-07
2.862000000000000000e+03 1.553827683945031745e-07
2.863000000000000000e+03 1.555335939060487512e-07
2.864000000000000000e+03 1.556824968846145319e-07
2.865000000000000000e+03 1.558294424264051477e-07
2.866000000000000000e+03 1.559743954621399529e-07
2.867000000000000000e+03 1.561173207561939216e-07
2.868000000000000000e+03 1.562581829066404231e-07
2.869000000000000000e+03 1.563969463445196235e-07
2.870000000000000000e+03 1.565335753333634326e-07
2.871000000000000000e+03 1.566680339692381469e-07
2.872000000000000000e+03 1.568002861797512239e-07
2.873000000000000000e+03 1.569302957242224619e-07
2.874000000000000000e+03 1.570580261926892133e-07
2.875000000000000000e+03 1.571834410058171546e-07
2.876000000000000000e+03 1.573065034146827314e-07
2.877000000000000000e+03 1.574271764999046583e-07
2.878000000000000000e+03 1.575454269679712352e-07
2.879000000000000000e+03 1.576612365826067383e-07
2.880000000000000000e+03 1.577745908488296001e-07
2.881000000000000000e+03 1.578854752265419163e-07
2.882000000000000000e+03 1.579938751312354219e-07
2.883000000000000000e+03 1.580997759333952592e-07
2.884000000000000000e+03 1.582031629582931693e-07
2.885000000000000000e+03 1.583040214863034619e-07
2.886000000000000000e+03 1.584023367525660286e-07
2.887000000000000000e+03 1.584980939469101365e-07
2.888000000000000000e+03 1.585912782137785392e-07
2.889000000000000000e+03 1.586818746524129768e-07
2.890000000000000000e+03 1.587698683159919764e-07
2.891000000000000000e+03 1.588552442127341383e-07
2.892000000000000000e+03 1.589379873047729060e-07
2.893000000000000000e+03 1.590180825083416960e-07
2.894000000000000000e+03 1.590955146942232748e-07
2.895000000000000000e+03 1.591702686868844887e-07
2.896000000000000000e+03 1.592423292647934510e-07
2.897000000000000000e+03 1.593116847510708733e-07
2.898000000000000000e+03 1.593783378245636954e-07
2.899000000000000000e+03 1.594422948180344173e-07
2.900000000000000000e+03 1.595035621369129459e-07
2.901000000000000000e+03 1.595621462601368246e-07
2.902000000000000000e+03 1.596180537401995940e-07
2.903000000000000000e+03 1.596712912029348246e-07
2.904000000000000000e+03 1.597218653487556706e-07
2.905000000000000000e+03 1.597697829516449679e-07
2.906000000000000000e+03 1.598150508602634180e-07
2.907000000000000000e+03 1.598576759978673204e-07
2.908000000000000000e+03 1.598976653624901810e-07
2.909000000000000000e+03 1.599350260272583118e-07
2.910000000000000000e+03 1.599697651405735518e-07
2.911000000000000000e+03 1.600018899262963846e-07
2.912000000000000000e+03 1.600314076841955809e-07
2.913000000000000000e+03 1.600583257897324694e-07
2.914000000000000000e+03 1.600826516947777123e-07
2.915000000000000000e+03 1.601043929275294609e-07
2.916000000000000000e+03 1.601235592657547079e-07
2.917000000000000000e+03 1.601401692799691723e-07
2.918000000000000000e+03 1.601542438562424725e-07
2.919000000000000000e+03 1.601658040297950027e-07
2.920000000000000000e+03 1.601748709857393254e-07
2.921000000000000000e+03 1.601814660586172672e-07
2.922000000000000000e+03 1.601856107338114732e-07
2.923000000000000000e+03 1.601873266472172083e-07
2.924000000000000000e+03 1.601866355861202534e-07
2.925000000000000000e+03 1.601835594891364224e-07
2.926000000000000000e+03 1.601781204472259898e-07
2.927000000000000000e+03 1.601703407034992440e-07
2.928000000000000000e+03 1.601602426543679751e-07
2.929000000000000000e+03 1.601478488489471262e-07
2.930000000000000000e+03 1.601331819906121953e-07
2.931000000000000000e+03 1.601162649362661815e-07
2.932000000000000000e+03 1.600971206980346301e-07
2.933000000000000000e+03 1.600757724423977416e-07
2.934000000000000000e+03 1.600522434916173047e-07
2.935000000000000000e+03 1.600265592381839402e-07
2.936000000000000000e+03 1.599987529106265159e-07
2.937000000000000000e+03 1.599688598665559046e-07
2.938000000000000000e+03 1.599369156831427864e-07
2.939000000000000000e+03 1.599029561585498490e-07
2.940000000000000000e+03 1.598670173114667932e-07
2.941000000000000000e+03 1.598291353828164162e-07
2.942000000000000000e+03 1.597893468355619640e-07
2.943000000000000000e+03 1.597476883553288013e-07
2.944000000000000000e+03 1.597041968514358326e-07
2.945000000000000000e+03 1.596589094572473386e-07
2.946000000000000000e+03 1.596118635306619786e-07
2.947000000000000000e+03 1.595630966548747501e-07
2.948000000000000000e+03 1.595126466387303865e-07
2.949000000000000000e+03 1.594605515174872751e-07
2.950000000000000000e+03 1.594068495537191233e-07
2.951000000000000000e+03 1.593515792371241915e-07
2.952000000000000000e+03 1.592947792858382995e-07
2.953000000000000000e+03 1.592364886466556377e-07
2.954000000000000000e+03 1.591767418416714240e-07
2.955000000000000000e+03 1.591155549558094249e-07
2.956000000000000000e+03 1.590529395115277814e-07
2.957000000000000000e+03 1.589889071102479045e-07
2.958000000000000000e+03 1.589234694333552712e-07
2.959000000000000000e+03 1.588566382418274181e-07
2.960000000000000000e+03 1.587884253765482968e-07
2.961000000000000000e+03 1.587188427586236080e-07
2.962000000000000000e+03 1.586479023896966127e-07
2.963000000000000000e+03 1.585756163515747229e-07
2.964000000000000000e+03 1.585019968073730225e-07
2.965000000000000000e+03 1.584270560010035598e-07
2.966000000000000000e+03 1.583508062576301505e-07
2.967000000000000000e+03 1.582732599838474199e-07
2.968000000000000000e+03 1.581944296682754728e-07
2.969000000000000000e+03 1.581143278807712793e-07
2.970000000000000000e+03 1.580329672739921917e-07
2.971000000000000000e+03 1.579503605824693436e-07
2.972000000000000000e+03 1.578665206236189805e-07
2.973000000000000000e+03 1.577814670417700816e-07
2.974000000000000000e+03 1.576952466141169152e-07
2.975000000000000000e+03 1.576079131457699692e-07
2.976000000000000000e+03 1.575195207436638285e-07
2.977000000000000000e+03 1.574301238173361545e-07
2.978000000000000000e+03 1.573397770802657848e-07
2.979000000000000000e+03 1.572485355500981507e-07
2.980000000000000000e+03 1.571564545497069792e-07
2.981000000000000000e+03 1.570635897078392297e-07
2.982000000000000000e+03 1.569699969600400009e-07
2.983000000000000000e+03 1.568757325490198783e-07
2.984000000000000000e+03 1.567808530261408948e-07
2.985000000000000000e+03 1.566854152515063164e-07
2.986000000000000000e+03 1.565894763951695694e-07
2.987000000000000000e+03 1.564930939375047385e-07
2.988000000000000000e+03 1.563963256706988267e-07
2.989000000000000000e+03 1.562992296985632643e-07
2.990000000000000000e+03 1.562018644383091573e-07
2.991000000000000000e+03 1.561042886206409112e-07
2.992000000000000000e+03 1.560065560258564543e-07
2.993000000000000000e+03 1.559086996343944745e-07
2.994000000000000000e+03 1.558107473226008890e-07
2.995000000000000000e+03 1.557127271145142505e-07
2.996000000000000000e+03 1.556146671814670322e-07
2.997000000000000000e+03 1.555165958428138650e-07
2.998000000000000000e+03 1.554185415666614943e-07
2.999000000000000000e+03 1.553205329693284787e-07
3.000000000000000000e+03 1.552225988169234776e-07
